machine_id,machine_type,temperature,vibration,rpm,current,operating_hours,machine_age,previous_failures,failure,failure_cost
M0001,Compressor,66.31273753525872,5.037755235058235,1361.8991441465805,9.04258857399652,1701,11,2,1,165316
M0002,Loom,73.7091994867843,3.146776109828668,1459.8394667696273,11.147534706213609,11111,13,0,0,216519
M0003,CNC,70.77211078084056,3.732556326830022,1504.8736485538288,15.584288585630812,9113,6,2,0,104418
M0004,Loom,67.68660829134957,6.567202276554159,1624.698678657612,14.683941562721618,7825,14,3,1,349334
M0005,Loom,55.51430653465626,4.703886738967976,1534.5407847789668,7.8814216455568085,11652,6,1,1,76014
M0006,Pump,70.65762028563195,1.9110996390287398,1544.6868024850623,13.054439701056605,13454,8,3,1,254071
M0007,CNC,87.5842939577004,6.154612082235366,1460.0591953515234,6.06532425187557,8867,11,0,0,288989
M0008,CNC,81.14504055385973,3.297340646029811,1619.2550974244205,12.14080470618111,5264,4,2,0,231350
M0009,CNC,84.11823951967276,7.871935997191581,1499.1715355151398,17.69330105023793,8968,3,0,0,437707
M0010,Loom,58.86541188282578,6.444086518286367,1346.6694507791715,9.156321848193041,9146,14,1,1,313924
M0011,Compressor,53.12474215689703,3.694820587814248,1618.4043964150228,9.497030863525254,13516,7,0,0,240330
M0012,CNC,63.49055695880422,6.805829451123204,1533.7483927046833,14.292089344718578,8776,5,2,1,92192
M0013,Loom,65.66869894746434,4.622139918949326,1396.8347174645821,7.371595454371063,9558,2,1,0,417019
M0014,Pump,78.13029822165139,6.034992615219995,1392.4608439120907,10.101734910344883,9719,2,1,1,411273
M0015,Compressor,44.69042444342217,5.372519071130054,1485.5890654168913,13.789323412745258,5886,11,2,1,93923
M0016,Pump,83.35460383352736,2.9765580210164275,1505.5821754321103,10.09714245693179,12910,6,2,1,139196
M0017,Compressor,63.10390521705213,3.3416103018285686,1473.6750718757448,11.292090038367085,12801,8,2,1,52395
M0018,Loom,59.87742716063096,6.35392947164609,1487.357040813146,14.232557130945104,4935,1,0,0,414593
M0019,Motor,52.85474749687799,3.8974044022082266,1653.9948849491657,13.264638250609684,5619,11,3,0,433891
M0020,Compressor,45.141719937610766,3.773432766164406,1578.5851782681864,12.800455188886206,6191,6,0,0,278456
M0021,Pump,74.87804700754297,2.7807793571711645,1472.876270951803,10.982633162189885,14956,12,0,0,458995
M0022,Loom,65.87981560626085,5.26247831806823,1562.957269692098,13.110183345806867,11345,2,3,1,121028
M0023,Compressor,49.52046920310735,8.212544854637661,1326.0971315766953,11.62880195970073,7875,2,2,1,472938
M0024,Motor,49.459054735236606,2.5784407543423087,1497.751245993617,13.373416829777355,11100,7,2,1,450327
M0025,Motor,60.97058360851846,4.543595022010964,1667.1167619679732,10.509203924646066,12204,10,3,1,292463
M0026,CNC,85.02825830347271,7.041996999747773,1423.8344925529152,11.452293076861377,8856,1,3,1,191056
M0027,CNC,61.884903783636744,4.3566454957577125,1348.2839285657099,9.030126622343959,6401,6,0,0,405320
M0028,Pump,46.962284562582724,5.314269233249521,1371.7493333688328,11.894977169981292,13420,14,1,0,253400
M0029,Compressor,62.05108323096867,2.587691649335617,1319.2440355189133,9.566997409113466,4022,7,3,0,305315
M0030,Compressor,61.727317163027955,5.270952774973767,1355.8285710246755,8.65786064951402,12675,14,0,1,339068
M0031,CNC,35.0,4.163140322991812,1405.5390281691966,12.775983443566165,11912,8,1,1,495919
M0032,Compressor,64.34846160178625,6.274313992223753,1281.331957698563,12.638219327572981,6738,7,2,0,344721
M0033,Compressor,62.22878563749586,6.637294892816552,1451.8742000739524,14.348621204845717,6984,6,2,0,188783
M0034,Motor,73.35447637776102,9.161214555633505,1558.2732608543977,10.706623291274703,2770,9,0,1,135548
M0035,CNC,87.18747313934415,5.543339711784436,1341.0692583823695,13.224158540510267,13305,13,0,1,307288
M0036,Loom,78.5187803545731,5.086433369847899,1632.3140708370122,13.652392716820989,10969,3,3,1,175093
M0037,CNC,61.773335713342036,4.849891742839205,1511.2950506233115,13.334321423494785,13404,11,2,1,285835
M0038,Loom,51.721689095099954,3.864300672940761,1573.6696702748868,9.523038951593573,9989,6,0,0,447312
M0039,Motor,95.88031763899832,5.109270918231044,1371.0598535377435,12.448090446813566,4215,4,2,0,378699
M0040,Pump,65.71062120817386,3.968277461749747,1552.543027247994,13.092420888163984,12980,2,2,1,401992
M0041,Compressor,65.16715150295535,4.8032297572853055,1318.9679319525624,12.021535400723826,7694,1,3,1,256084
M0042,Motor,64.71049895467996,6.8716755640943274,1556.8297001003812,5.7405670248867455,3976,12,1,0,320398
M0043,Compressor,67.37701712921427,2.6882233824966457,1470.6207207752238,12.48146887192044,4737,12,3,1,437554
M0044,Pump,63.267675056912694,6.551781410032282,1516.390146398174,18.637593118191727,10903,14,0,1,279027
M0045,Pump,58.116055917437166,6.870807121211758,1308.928647325018,10.919882193729052,1752,1,3,0,449181
M0046,Motor,58.437692705115296,4.287476651416059,1342.5916189268075,9.815768706434037,11661,11,3,1,258072
M0047,Pump,64.60696075740802,0.6806611817845298,1521.6673861904062,13.120045679134195,13161,10,2,0,298029
M0048,Loom,58.47890274639482,3.4059204232300218,1336.198239493096,12.937134631399715,2392,3,3,0,259047
M0049,Pump,56.44585060787403,6.834590183809997,1505.5847550518947,15.578205496249243,7789,4,0,0,415169
M0050,Compressor,66.27716273230276,4.458837487862012,1285.9434632247705,8.226395532273337,11797,2,1,0,180509
M0051,Compressor,61.940273390949734,2.701255981869161,1551.7809055200003,14.194140757724977,1677,13,3,0,287784
M0052,Compressor,83.04791586299226,3.5914051417892088,1302.097202227779,13.77126618375439,1105,12,3,0,345107
M0053,Compressor,35.0,6.013116047708196,1516.2759925215428,11.573560389178361,12479,11,1,1,53273
M0054,Loom,78.09808222306954,5.484120422762483,1525.0757120375201,13.01606195376507,5753,11,0,1,65330
M0055,CNC,79.95302230997154,4.06992222149455,1366.387381788451,15.088372444795072,2946,14,0,1,202566
M0056,Motor,40.11931721110221,3.839716058733562,1519.8431880501673,14.61694614008535,6544,11,3,0,126422
M0057,Compressor,60.88774887103581,3.7948353317211208,1481.2530716000267,8.570942063778814,2095,1,2,0,434233
M0058,Pump,60.5427096080505,2.8396616679026954,1385.3389772568714,14.460474560266453,14275,4,3,0,53212
M0059,Compressor,48.109859663386146,7.407676241044996,1328.973437910855,11.805934184902444,7985,7,1,1,282131
M0060,Pump,55.6661997489095,3.9198231554195884,1214.4849169992906,12.218622294046547,2782,10,1,0,137594
M0061,Pump,51.67308985441005,6.690885337485893,1491.9580056759632,12.219590973005083,5541,11,1,1,182152
M0062,Compressor,86.02724532108347,7.238368893460413,1262.2236674365533,11.549271033605221,4257,6,3,1,344819
M0063,Loom,76.22814071776953,6.296959616666329,1461.441303932957,15.575122491321196,7213,6,3,1,72007
M0064,Pump,80.2586611399299,3.7230834371075128,1418.38621407013,11.748846120452363,11189,11,0,1,163805
M0065,Pump,73.66006476851882,5.226714162605897,1531.4971330525834,8.641361614850494,5869,9,2,1,394785
M0066,Compressor,51.45137874539325,4.456447908496351,1413.7545400612164,10.819410432090814,2561,14,3,0,145815
M0067,Pump,58.70575680464272,2.8733366506857694,1410.4662656383491,12.536084150431426,5006,2,0,0,358959
M0068,Pump,70.87249473473501,5.0838467070988855,1537.8244845145955,15.687644352891152,10867,4,3,1,395626
M0069,Compressor,50.33446629329666,2.3777283759123553,1490.206963490094,13.8092840548465,10314,5,0,0,312783
M0070,Compressor,73.55598116206866,6.637822899230814,1487.9387148619335,9.448394163758868,4981,1,0,0,375737
M0071,Motor,62.11609522210238,3.6636888648628925,1506.3121107770232,19.455569750036673,10493,8,2,1,128038
M0072,Loom,60.50215030940483,4.8620873805711105,1265.7313452151473,12.794325932933939,6682,8,3,1,406043
M0073,Loom,73.5315196184419,5.009918168783056,1540.814641598438,15.826172213997044,6782,6,0,1,315880
M0074,Pump,70.33115973783248,4.033971047332661,1523.4962552816323,11.544856699268312,1943,12,1,1,303506
M0075,Loom,60.66840601017104,5.556048842655494,1327.9980245708202,13.600077734116349,5550,5,1,0,66473
M0076,Pump,78.91195764037097,3.645173418079456,1420.7103431590958,14.518405513555214,14415,8,1,0,178771
M0077,Motor,52.027240068801234,6.068335135423039,1445.2831254846842,15.654584135262768,10137,3,2,0,175801
M0078,Compressor,72.39122728333116,2.0772365755558524,1433.860385871792,15.172104916134675,1600,3,0,1,477235
M0079,Compressor,72.11721509562061,4.727483243183541,1490.0631959882242,14.616591000218934,11892,2,2,0,419742
M0080,Compressor,61.28544272823212,7.9900721983049126,1621.764013819742,11.054739806417674,14012,5,3,1,136623
M0081,Loom,68.91359626690542,2.6994036157099655,1579.8120073207394,10.284761874131815,7376,3,3,0,275097
M0082,Motor,49.986637083376365,3.2800590530552673,1292.5336967882313,12.997822530972593,10609,3,0,0,348964
M0083,Loom,76.08832423048281,5.425034129386047,1524.6483988367258,14.799384217023208,2524,6,1,0,265933
M0084,Loom,62.78117436268413,4.823247207491276,1609.4719983442492,11.331837897670178,4766,8,0,0,369733
M0085,Motor,58.72732375377153,5.131134178692407,1496.4170224827044,15.19551589714316,1250,2,0,0,246879
M0086,Motor,77.58811071004267,5.380536834265794,1580.917651022316,16.35785023645854,10736,4,0,0,330558
M0087,Motor,56.54787571348689,5.6424986434111855,1691.4724534840918,9.251037242779741,1078,11,2,1,439522
M0088,Motor,48.09846444363728,6.4974597155212015,1572.8451455328377,9.48923788861116,4123,7,3,0,74220
M0089,Compressor,46.320449917713155,5.237673582471323,1479.9170314770074,11.578874823283991,10089,1,0,0,110531
M0090,CNC,72.27211941614767,4.065736221686624,1575.4106168901703,12.92283800456759,8064,1,0,0,422146
M0091,CNC,49.6348477700446,5.710632662164916,1467.386539971627,10.426298958698847,14068,12,0,0,223497
M0092,Motor,86.05753018381237,7.919787482811389,1452.8683651941947,16.056608036601432,9417,13,2,1,59387
M0093,CNC,40.016847105395335,4.261259256511368,1407.8302917143521,13.272200584555353,14362,10,2,0,295752
M0094,CNC,85.35747641948046,2.7458472515928456,1637.609603059853,12.11834114472222,2209,7,2,0,126815
M0095,Motor,67.53220960643142,6.492745204716551,1351.78856008696,7.692271428394418,6153,14,0,1,77584
M0096,CNC,63.83944265755529,4.283313904883523,1633.884126961374,8.052552550717479,5898,7,1,0,94783
M0097,Loom,58.460970958292606,0.589194817174735,1509.9836948488446,12.843027750845419,14029,1,1,0,220881
M0098,Pump,69.78963337222486,6.025359018870759,1282.083259023767,5.602213121535492,3178,1,1,0,235399
M0099,Pump,64.54838357090182,3.536409265282939,1494.1179151589706,15.037912228932216,11871,4,3,0,174494
M0100,Motor,78.23962258419826,4.3370400918525105,1197.9968190818051,11.52553846688304,8610,5,0,0,165814
M0101,Compressor,66.37073178394448,5.0975645950242265,1525.0609620197242,21.7292789087842,12077,5,1,1,300139
M0102,Motor,66.80362113754254,4.8428994236023195,1556.2277779586789,18.923748751848333,11998,4,1,0,442896
M0103,Compressor,60.63665345343373,5.777013270850271,1378.9172853217535,11.45565279225745,9895,8,1,0,191929
M0104,Pump,64.31665251534719,3.716124532974282,1464.8257235146698,11.680988992406055,3544,7,0,0,223333
M0105,Motor,68.6936212267047,5.423590436716949,1684.4988920500343,14.98674454200609,6522,9,1,0,385732
M0106,Loom,44.477979288120494,4.032815980348949,1389.3103954885676,17.10951782975411,3370,7,1,0,460211
M0107,CNC,48.821774934731444,5.829858865597505,1322.931089553208,7.085912827691949,4281,10,0,0,296509
M0108,Compressor,73.91916912827259,5.607661471223496,1627.799608295512,6.64087360393594,5710,1,3,0,63580
M0109,CNC,67.0503852575353,2.8162103363197284,1685.5104628636955,10.133895583336855,1328,13,2,0,68240
M0110,CNC,62.79219996376785,6.454767809115058,1450.4434806217416,13.748212749521594,14683,14,1,0,304351
M0111,Motor,65.22120719678472,3.5352657987947134,1571.3755642490028,13.490620771522792,6579,7,2,0,395590
M0112,CNC,69.17098046434005,5.954504036906061,1610.9771098637057,15.20931436495155,5228,1,3,0,416677
M0113,Loom,58.52288383628766,5.161117164122413,1360.901892095394,8.400907414904076,14122,7,3,1,304271
M0114,CNC,55.66034329517225,7.808730618231221,1391.7632997558558,5.0515684110933705,7794,10,1,1,489327
M0115,Motor,67.35014306117218,4.097761231730666,1597.7049415785682,14.574042585906437,1120,8,0,1,478082
M0116,Loom,53.259526668619614,3.8712297669872444,1652.2017134450211,9.515411181104296,7749,11,3,0,130974
M0117,Pump,69.89903306857366,4.465044709402081,1517.5457032209226,5.944536406834086,14763,9,2,1,123401
M0118,CNC,44.56899674914592,3.954276390898304,1344.4222775797534,12.435191237878145,1964,12,2,1,263165
M0119,Motor,77.34986764790773,5.93989542349569,1688.447333403933,14.379527064656031,5224,3,2,1,455427
M0120,Pump,70.67116978895652,1.5906409048141419,1386.2834922625643,11.633828603636168,4675,4,2,0,214340
M0121,Pump,68.07235681176651,2.6033716455365625,1409.7834662594257,10.626454841452531,6694,4,3,0,315790
M0122,Compressor,76.79229180734617,2.5779547411574524,1491.0805401387545,11.52191330356228,3076,12,1,0,236443
M0123,Loom,84.98569333355093,6.210553665552436,1636.4992504857728,10.88825171279765,7865,9,1,1,298123
M0124,CNC,77.17244078021757,7.579104070647466,1552.477117186267,7.955858664179498,6643,13,2,1,354960
M0125,Motor,42.909509224020255,4.3119914066325515,1499.7838600434293,9.855957969028704,9524,7,1,1,139460
M0126,Compressor,49.645076399171586,4.1961208982579805,1505.5946236141726,13.563839715041443,12560,3,2,0,356256
M0127,Loom,57.50217706765186,4.626093893603726,1455.221760237216,12.9650356241295,6249,10,2,0,101048
M0128,Compressor,65.31309260253,6.591380944694743,1516.9767417422208,12.504179417900462,2316,5,0,0,498127
M0129,Loom,71.21190824562947,2.8307643584569666,1146.4527906766837,9.014554554439862,2196,7,3,1,256518
M0130,Loom,56.291074242158416,4.929064168922613,1414.4071049116242,11.455490513592999,4170,8,3,1,182850
M0131,CNC,67.24120117372495,6.255355733608374,1478.9586321900138,5.468804860671436,10621,1,2,1,357896
M0132,Loom,55.93540481176013,5.401969505891722,1311.8783099656591,12.53542999165617,1355,12,3,1,382870
M0133,Compressor,57.66178636409662,4.841246909877738,1496.358798137387,16.286573123440704,13426,2,1,0,261912
M0134,Loom,48.120066837821334,6.3018829666208545,1425.4634534816655,7.577603603873683,10718,7,2,0,470505
M0135,CNC,53.92120104666915,0.5,1660.6570837978588,10.242216980046734,13089,11,0,0,356932
M0136,CNC,48.779784732604,5.720175575155634,1638.7623670257829,12.987320336130388,14485,13,1,1,316891
M0137,Compressor,53.28952096427201,3.322663770370637,1394.1033317058204,15.75852790328245,1028,14,0,1,50045
M0138,Pump,77.64370155929407,1.2048607856583775,1431.8994746119965,10.655326151099551,14218,13,0,0,57758
M0139,Pump,53.607213334016684,5.420164679144965,1441.126292126993,9.92324901220231,2013,2,3,1,305397
M0140,Loom,96.5885847780487,6.9725853812933245,1395.8008628608452,6.09323057275175,11894,7,3,1,437220
M0141,Motor,70.91981481057067,4.252592673670154,1473.4029980833752,12.310314387924318,10019,9,2,0,204509
M0142,Loom,67.21803348433849,6.21517418496529,1359.006151733489,18.126228120431232,13638,11,3,1,200657
M0143,Compressor,54.699706637825436,7.4021008643795625,1314.3261598074969,12.832075385894028,3024,2,0,0,190926
M0144,Compressor,73.40371855290789,6.8668460164512855,1524.7253468680321,11.93316306244886,9490,7,0,1,233148
M0145,Compressor,58.092346085146715,7.451936152868507,1525.5435501066172,12.966246932300956,6839,4,1,0,369094
M0146,Compressor,66.46411777574434,5.835829483929406,1353.482108840801,11.966723988154193,11057,11,0,0,198421
M0147,Compressor,95.72101445922553,4.635780550022867,1557.4426516915119,9.56095688321961,13208,13,2,1,277300
M0148,CNC,63.8472812033042,1.6164615385850967,1374.2106725001602,14.469839747033117,14503,2,2,0,202420
M0149,Pump,78.7912799154281,4.057087521366093,1480.3798285645578,12.677284569335264,6791,13,3,0,215368
M0150,Compressor,56.56188289848935,2.982156128430855,1548.4412815134947,12.052839755800973,11303,7,3,0,69455
M0151,Motor,64.58013811403646,8.407696891496066,1445.9664922355544,9.07390191816525,1754,13,3,1,259896
M0152,Motor,86.24960762762612,4.183405537621794,1504.5689094569361,15.910523795804277,9961,5,2,1,497237
M0153,Motor,57.47639530654679,4.7217686522120745,1388.0284427334914,13.99410823599933,4735,1,0,0,281897
M0154,Motor,86.74938269596315,5.492673676872841,1426.4240099886283,10.341237487898095,2238,5,3,1,482509
M0155,CNC,73.4930232254657,4.578484403470417,1425.2968682943592,15.005474561045812,14121,12,1,1,138552
M0156,Motor,58.25039868926879,7.5510918727753555,1360.4105984151713,10.507287484844378,11405,12,3,0,358260
M0157,Compressor,72.58889286866625,3.3792311488779863,1428.7871004261062,9.653989522466889,2906,3,2,0,432605
M0158,Loom,76.67065339552076,4.850293419427037,1264.1658041363503,9.720890647559138,8399,7,3,1,90484
M0159,Motor,72.46171954660636,3.163552945743513,1391.0615503429474,6.686794340735727,8961,6,0,0,473431
M0160,CNC,46.15730336131452,2.1239594798027297,1415.8149407956396,13.414627141254616,10756,8,3,0,393782
M0161,CNC,56.27435389010158,3.398815636370486,1419.2584297005544,6.506565364984949,10410,13,2,1,184476
M0162,Motor,62.02977637338194,4.433333765312859,1421.0203064955065,8.314668506202711,5601,5,2,1,218332
M0163,Loom,64.10679885079945,3.727255995868932,1442.5882960167846,5.7732359727644,10549,2,1,0,150647
M0164,Motor,72.44806517060813,3.2536422362270594,1507.5329821703276,11.74179092162732,13031,9,2,0,115642
M0165,CNC,67.13241201119905,1.968628565390699,1554.9420488959026,11.549038619184383,2460,14,1,1,261803
M0166,Pump,48.97586769547878,4.350409969268349,1372.028172778208,11.019911360440908,8669,11,0,0,358153
M0167,Compressor,69.56237421207156,1.7915033267441958,1305.6158973533027,8.872266915988272,13177,8,2,0,178824
M0168,CNC,72.32702894340588,5.868100734641285,1324.9546705308276,8.48329873969008,2416,6,3,0,298914
M0169,Motor,71.71748537517247,4.648391555282106,1391.5356494566088,13.393109590639723,12045,13,0,0,341749
M0170,Compressor,77.96936870665546,1.876407300963125,1407.769441862019,10.348344204874536,8766,10,3,1,160879
M0171,Motor,75.00706585458684,3.943423661310246,1357.600472056305,12.949074964608434,14460,7,3,1,496421
M0172,Motor,70.51016095074124,3.14611846993695,1294.4660002900127,9.344253941627333,14048,9,3,0,480785
M0173,Pump,64.15801146249623,5.074514118754525,1395.2655007030974,12.543188228313246,14120,7,0,1,170827
M0174,Compressor,45.0684687978081,6.91281080284166,1471.7711944136765,15.909834111948191,2428,3,0,0,317724
M0175,Compressor,70.15541862959103,1.1246895546376598,1521.4035359002678,13.75849740117835,5378,6,2,0,427046
M0176,Pump,67.49225224595733,4.707046942465351,1383.1092336270015,10.76275854535056,8529,11,3,0,317544
M0177,CNC,68.25894604634448,4.211760967980047,1400.4402613427878,12.771596911067782,5474,13,1,0,220715
M0178,Motor,49.679017090156286,5.708412137610838,1338.7962029383227,11.278004476409361,13485,11,2,1,277257
M0179,Loom,52.02732151510085,4.88375393082784,1446.2272995550268,12.023640554084185,12254,7,0,0,408176
M0180,Motor,77.63783423999485,3.1464552028701256,1348.1885638971023,11.023166843554488,4071,2,1,0,177319
M0181,Motor,64.52533815372014,3.9257029158000876,1518.775337588944,11.506994382343827,1555,3,0,0,156960
M0182,CNC,73.1780083684715,3.0671534577537196,1235.6960209679066,12.636280059222525,9547,4,1,0,89015
M0183,Motor,65.33982051356553,6.436812849477477,1406.8444393057046,9.019923901254149,2563,10,2,0,383857
M0184,Pump,65.35707367394895,4.538360967609496,1486.132880703009,8.952363519030065,12692,6,1,1,253877
M0185,Pump,76.25940567171197,7.9221432343554135,1472.0601419587006,7.834372338506367,2040,1,2,0,458190
M0186,Compressor,58.80746326139151,4.390810535133682,1773.1640396776597,7.19918668648887,3686,9,0,0,195109
M0187,Loom,66.1534493232918,3.224867819561167,1491.976002948149,8.348151923338563,13666,5,1,0,312063
M0188,Motor,59.45269653553949,1.775314093296911,1329.5134483789589,12.478387520412387,13967,13,3,0,459383
M0189,Motor,59.78604527081221,1.2543485827392988,1438.5442903493113,9.321637453524348,3553,12,3,0,138754
M0190,CNC,61.28993451837633,1.6485553025901183,1236.8504399840258,13.540843392693288,2779,14,0,0,271775
M0191,Pump,67.66560525960455,4.98082797182067,1440.3280300843887,12.104141246257685,14186,7,1,0,355292
M0192,Loom,59.25501654003827,5.415705041813881,1350.033273159909,6.094487359685839,1075,9,3,0,253225
M0193,Compressor,80.06907350688225,1.65385673634216,1559.8468330672194,13.96492675266507,5326,9,2,0,202606
M0194,Pump,54.26471237336595,6.111068965337008,1384.0551670485358,14.43239593677513,6835,1,1,0,272067
M0195,Compressor,62.75754027006369,3.630490106969809,1435.9880901045703,9.01841197549544,6057,1,1,0,434934
M0196,CNC,59.7232273007099,4.764227421573989,1373.7330590314716,13.260574628684974,12511,3,3,1,398222
M0197,CNC,82.3637346122448,7.401997130859764,1658.6621622223997,9.430505287772403,3349,6,2,1,106879
M0198,Motor,67.3586573181389,6.114310768557957,1411.4508680658505,12.293011130245006,3773,2,2,0,169894
M0199,Loom,77.38213447362362,4.016644833769502,1669.9068452175043,8.206504779135102,3262,10,2,0,115839
M0200,Compressor,47.173275523556335,2.895853994252483,1547.698211454192,6.62068064239627,4229,12,1,0,79756
M0201,Pump,68.2046031904311,0.626732277607251,1507.8480072802463,10.851548431161094,11308,11,0,0,193755
M0202,CNC,75.67556954748125,3.205524025363644,1494.2479776781024,11.628813161175492,1392,1,1,0,230557
M0203,Motor,65.9874078713051,4.11996557011015,1497.2556757859502,10.806960919156188,2108,1,1,0,279303
M0204,Motor,77.78576450078421,2.723076851127869,1218.6792904785268,8.447908325332321,5362,13,3,0,454241
M0205,Compressor,58.79253859879553,4.263737459233852,1416.5339927019093,10.800302813606589,6188,5,0,0,199787
M0206,CNC,81.91216928222696,4.6383333893257825,1551.4189565421186,12.807884257742202,9802,4,2,0,142943
M0207,Loom,92.586777483431,4.095259232745459,1444.1323379831074,11.86532090963239,14658,1,3,1,268188
M0208,CNC,60.64593727472409,3.3299953545177727,1281.377218383571,12.54750309179764,14296,4,1,0,198188
M0209,Compressor,59.653969743190736,4.80357840954011,1443.7114659307038,9.9896543986373,6057,3,0,0,86744
M0210,Compressor,82.44061372541242,5.295493169224937,1654.4926619506589,15.515153744148478,11967,2,2,0,174697
M0211,CNC,83.95486574876855,2.5372816606028774,1599.6270058641662,8.47147999033566,4998,9,2,0,166072
M0212,Compressor,58.72567967416078,7.039678283543286,1442.5595188760763,13.462680891260156,9864,14,1,1,445340
M0213,CNC,59.95775819484972,4.322541361888329,1564.1739132469704,15.545673278879885,7566,11,2,1,286028
M0214,Pump,61.61858469367391,4.533929321300726,1406.0191575558338,13.442724278246686,4677,1,2,0,219123
M0215,CNC,48.866593867588676,5.774785961861803,1245.5354095807938,11.39242731880551,6796,7,0,0,57176
M0216,CNC,53.97617664218962,4.919789036274303,1339.0640814244534,10.415108860011063,7363,14,3,1,403454
M0217,Compressor,52.95031079897518,6.215645941043841,1637.5466522209838,15.108262953138768,9123,13,0,0,302365
M0218,Compressor,55.786429218750456,5.0168234973632835,1417.1208301804836,7.731075224214981,9222,4,3,0,199748
M0219,Motor,64.58378135135862,3.3976127256472117,1420.7939224749978,9.089627218861068,8690,5,3,0,95177
M0220,Motor,67.81057679043825,5.150706345370983,1414.0194164470142,10.807326703524836,14654,10,3,1,160623
M0221,Pump,83.60600591376893,2.4412928268228087,1678.4963907487609,15.712961272535996,2400,5,2,0,50997
M0222,Motor,53.01975151113451,4.6954074703977415,1645.1150698434476,13.139302908122687,14441,1,0,0,486985
M0223,CNC,76.811868781719,4.440186016839971,1716.253628013776,9.095862724469264,5071,6,2,1,170179
M0224,Compressor,62.43213386929389,4.125389656909428,1430.9145747519938,11.06907688384529,9808,13,1,0,297439
M0225,Motor,64.4064354841708,4.268632479409924,1485.4749386496514,10.157030567711116,13826,9,0,0,170403
M0226,Motor,73.09783390599924,1.1126717181042496,1268.0028940695051,9.870633023299394,3786,2,3,0,454447
M0227,Pump,51.527335741252415,3.512295166066269,1627.232131134193,14.936668675670337,8169,7,2,0,145287
M0228,Pump,69.58891695420861,4.667120822054007,1309.8664538478479,7.884770612209483,1870,6,2,1,169574
M0229,CNC,66.99742649855668,4.787741505595321,1476.0130676515155,16.82634256720312,5196,5,0,1,306463
M0230,Compressor,70.9094151680978,2.6501847463332755,1318.3236966840586,14.484689070553868,12796,4,0,0,171509
M0231,Pump,68.47002372689381,6.778274113556462,1379.3359807913564,15.272585011811094,10604,4,3,0,397591
M0232,Motor,94.46360167893073,2.9408852732138984,1349.5285082740359,10.611181463924225,3739,6,3,0,421666
M0233,Compressor,57.347120188984206,6.245022960948126,1377.0549687189018,11.550177842762672,1940,4,1,0,499181
M0234,Compressor,58.62803653997819,5.268949851369033,1385.3052756221225,7.700544556425864,1340,5,3,0,393288
M0235,Motor,57.522313682902826,3.3367908422811547,1384.2077446089907,10.426012778799592,12100,13,2,1,298505
M0236,Pump,58.33427457007694,7.695559606697122,1550.0000694136368,13.480964542929453,14331,6,1,1,242589
M0237,Motor,57.35135447232179,2.3514537028383358,1317.4164648324977,15.888189185344189,8422,5,1,0,404837
M0238,Compressor,79.26819837329062,6.154477512498003,1476.464971241664,8.678529549592644,5133,7,1,0,406459
M0239,Loom,82.04605097587826,6.301048172477361,1596.155098276667,10.903482189044203,1659,9,0,0,339531
M0240,Loom,58.15104447500629,3.292883623662039,1388.4164362583924,11.546102339302433,11225,10,3,1,54090
M0241,CNC,55.011733122749256,7.006437540115792,1363.8497331102878,7.812632393422545,10752,7,1,0,432990
M0242,Motor,70.65698667663685,4.049916273721885,1422.33704497837,13.774047725275201,4457,7,0,0,468161
M0243,Motor,58.37332346862834,5.019648532703743,1591.5670250032852,9.828029004772173,10848,4,0,1,352383
M0244,CNC,72.59518181306613,4.968579309788197,1473.2929157144029,11.413828946468929,3975,1,1,0,53743
M0245,CNC,67.4350762502156,4.258244265353014,1386.254284647088,10.644151884264367,10241,14,1,0,80924
M0246,CNC,46.81107062003322,5.959454891687608,1508.0651981425647,9.631984482840977,1453,8,2,0,191268
M0247,Compressor,83.57006241596073,5.928279696993983,1317.7249420196292,11.978865043558336,10896,4,1,1,442304
M0248,Motor,86.55053207714626,1.3526424481712747,1531.7631412531537,11.353171264295932,9184,1,2,0,403959
M0249,Compressor,57.646535714187365,6.847812437180675,1499.0328769242121,10.884426353164002,6442,5,1,0,155312
M0250,CNC,60.34758128076819,1.5075144215357863,1413.062983463334,9.814615134958972,11976,14,1,1,381004
M0251,Motor,68.43038468869887,6.358583167814984,1349.3697041863322,12.958574012348866,1818,14,3,1,484616
M0252,Compressor,69.0134814798443,6.52806924628965,1343.5982893259852,16.960851805476857,5868,8,1,1,266249
M0253,Compressor,72.90253127207396,2.5362604256126433,1514.1780803615093,12.419661698517382,1012,4,1,0,274090
M0254,CNC,89.1224544651962,3.760534281681747,1597.4776602986874,14.988354644733388,13171,13,2,1,279602
M0255,Motor,62.87663327007141,2.5097315967253158,1373.5230703565446,7.829334224539612,8727,12,2,0,392543
M0256,CNC,55.42043306553855,4.113142145480277,1505.006404426178,12.473284317881308,1920,8,3,0,360939
M0257,Motor,48.448169263825676,3.9455382884656656,1199.5567577677518,8.7078950430868,5920,8,1,0,363697
M0258,Loom,56.22883952069697,5.903388958084812,1379.845872321136,7.569225217404296,3418,3,1,1,153976
M0259,Pump,64.60247632551443,6.858555743015295,1446.2729280554918,9.781885777622891,10506,9,2,1,205183
M0260,Pump,86.53469436221346,7.012230859421921,1340.83798996218,15.575698003240719,7475,3,0,1,163566
M0261,Pump,58.78866441156595,3.488097552159056,1337.6192350252486,14.850047486008936,12869,1,0,0,307443
M0262,CNC,67.68545541966678,4.12340062725985,1369.8664532237337,12.7290141661632,3017,2,0,1,169968
M0263,Loom,64.80292524712698,1.4698112540022894,1485.0631273991648,7.401898320330208,8957,6,2,0,111600
M0264,Motor,79.260719281377,3.04943388030686,1427.520517791235,11.41115804583619,10420,12,2,1,100022
M0265,Compressor,95.32318911048347,6.236732939575424,1181.4122520010033,12.905100026705206,5792,10,0,1,184271
M0266,Motor,58.62957472495615,7.4080490823868175,1195.515981683792,12.526608688735793,7830,2,0,0,363041
M0267,Compressor,59.126726689781336,2.2781720306161404,1377.176178657139,6.468619249557763,14237,6,1,0,350182
M0268,Motor,77.52993052482887,3.4335643335247905,1504.9223903264262,9.329046455940384,3434,14,2,0,173323
M0269,Loom,73.18269787551574,4.452469637473931,1120.2994188729717,11.80776670755385,3868,1,2,0,236110
M0270,Compressor,87.16048790883241,5.004290085875292,1390.0323788618043,13.60887272855157,11707,11,0,1,170278
M0271,CNC,72.00713822391157,3.042713664141037,1386.8502572179095,5.41161653670016,2438,13,0,0,423198
M0272,Motor,60.688494910555285,5.2633098800353615,1616.6005333850137,11.513628073560424,13356,1,3,0,320041
M0273,Motor,72.08785796830772,3.647089175272351,1403.7973825944564,12.429146309636858,4543,5,2,0,114541
M0274,Compressor,78.3044429669949,4.4739859124190975,1495.9586781689113,14.548835965548639,12367,10,3,1,156968
M0275,CNC,74.84578617436837,5.483311646406659,1466.9508568104957,14.07857275271231,2781,13,1,1,64892
M0276,CNC,71.08728837328758,4.5115600856596885,1194.3320224231359,13.747713956426416,7343,11,3,1,451487
M0277,Loom,77.80009627506985,3.7145053970521764,1542.1848659958084,9.600178479894197,3263,9,0,0,74815
M0278,CNC,79.03154708534808,4.302702352933505,1475.8475806547544,6.275993588630078,11161,14,2,0,357756
M0279,CNC,81.58590789245032,4.3409466734303965,1510.9922367609508,10.820841728815797,1211,8,2,0,476573
M0280,CNC,72.78451865107571,3.83398014621217,1800.0,15.00489547562568,9699,3,3,1,328411
M0281,Pump,62.994583036197746,4.034167087199216,1199.9064472601694,16.180363582573293,7159,3,3,0,330412
M0282,Loom,66.76056423719987,7.377564906908491,1656.963597971333,14.131647306893356,14809,1,1,0,164463
M0283,Motor,79.47810759810028,5.5096550062942296,1415.5062976719573,13.288022468405202,8027,14,1,1,457479
M0284,Compressor,55.19677194815317,3.9681354275475114,1484.4794685283612,13.138918945157897,1331,3,0,0,407491
M0285,Motor,69.42407970647481,5.754517928119324,1444.5385305638508,10.331643759717657,7860,14,0,0,240732
M0286,Loom,60.27993425207167,3.899124918439182,1399.0916399922348,11.60981911933914,9044,12,0,0,246599
M0287,Compressor,65.34493787521781,6.611624347655955,1381.620048611349,17.00720857747899,9169,12,3,1,244451
M0288,Loom,80.34142235128758,5.165355945956569,1489.5410482687612,9.172325982624372,9742,12,3,1,406686
M0289,CNC,67.29318881623884,4.306856140792388,1267.9391563993986,16.844336372129554,6720,13,2,0,222343
M0290,Compressor,65.55723857787379,5.3058904664585,1540.069500102612,11.033915536523825,10133,11,0,0,378756
M0291,CNC,48.68172630824097,1.6724229262767012,1400.0566714137694,15.976296327285235,1727,1,3,0,188307
M0292,Motor,73.95504279232665,2.4718185559623502,1314.391679315157,7.779554971507386,5975,8,2,0,138757
M0293,Motor,72.7458101736929,2.3509349884817,1395.9984570405024,13.757712603493948,12054,1,0,0,459633
M0294,Compressor,90.95905667966552,4.757297570574672,1600.8579060235088,9.789689592157135,4243,5,1,0,410219
M0295,Compressor,61.30666118056399,7.618526999073166,1385.7597895580532,7.754198424227438,1648,9,1,1,346753
M0296,Loom,67.62980393196727,8.516340263146738,1493.0144341851544,12.655602127232838,6095,7,3,0,414929
M0297,Loom,67.99260420452906,5.648491982593363,1362.2852469141433,15.028415365787907,14809,4,2,1,304200
M0298,CNC,83.9294393571617,5.401520054900023,1540.9506219908344,9.46517568421951,7614,11,1,0,477118
M0299,Compressor,63.85645361135658,1.2580960785250697,1532.2609286548245,7.502952118624796,11929,9,2,0,73645
M0300,Motor,68.34825830924407,3.523187160478761,1671.8330599955693,11.724465706995135,14900,9,2,0,245630
M0301,Loom,72.29475811659847,3.08198924656517,1428.9323265400942,11.737694013668456,11939,2,1,1,374377
M0302,Loom,67.2393094778763,3.3824743231479912,1530.2385765709487,13.644958882663495,8135,10,2,0,423587
M0303,Motor,59.64279662539366,4.197341126547379,1461.7681047446733,14.848783714093464,2009,10,1,0,204473
M0304,Loom,67.3290799147797,3.650236960145171,1605.5046138235616,11.821754456182518,2550,11,3,0,319915
M0305,CNC,77.88358099831726,0.937260341323582,1363.7401134869524,17.566509944382787,9995,12,0,0,484551
M0306,Compressor,52.681816407067274,5.846238461011561,1539.4006375452736,12.672704233605876,13272,6,0,1,414745
M0307,Motor,66.59563608976251,2.5690625536683482,1426.636324465998,10.960720481979301,8492,4,3,0,445158
M0308,Compressor,56.59855022072992,4.930644355400069,1442.2974187469804,7.165297922691517,13501,8,1,0,201460
M0309,Loom,79.34055954709811,8.233348805549952,1461.0102981338048,11.212021439051497,13456,12,1,1,437368
M0310,Loom,46.721757142594704,2.845107735144438,1480.2688475712014,10.99083916376659,4401,11,1,0,133251
M0311,Motor,58.29293783274094,0.5,1436.052514825365,14.880914388844412,8447,7,1,0,107042
M0312,CNC,69.52654250077426,3.9851924006158006,1475.7655819804631,13.387450872200562,14265,7,3,1,365884
M0313,Pump,83.78628835081209,6.481727342997428,1639.374166907462,8.46189263510215,6424,11,0,0,246945
M0314,Motor,64.21099686712415,8.02502541759707,1568.2539622738261,12.516763159233113,5241,10,2,1,97024
M0315,Pump,58.337605679681616,2.2868107299856497,1554.2985510996275,14.01459351518716,13803,9,2,0,204522
M0316,Pump,87.57388483328708,5.394058601825739,1395.3352568771354,16.5840940781635,4161,13,0,0,106965
M0317,CNC,47.623833195005076,3.662441177795904,1343.291100612601,14.662511902242178,13740,5,3,1,322201
M0318,Pump,38.61432852055901,4.309292962252556,1564.6360669885303,14.282539962934433,5155,6,2,0,274321
M0319,Pump,70.28017340064,9.259818024630663,1555.1256151035752,12.180257983845491,8478,1,0,1,321127
M0320,CNC,58.97534930776867,1.794653408888724,1626.7204810901178,13.16493601627035,9719,6,3,1,442613
M0321,Pump,52.74520619443144,4.956731390690233,1377.5223248836924,15.748514702118477,12490,2,2,0,69995
M0322,Pump,73.50027736759225,5.34184770917778,1422.4541613567583,8.00166780756105,10215,6,1,0,164587
M0323,Pump,67.92560856525438,6.454415384890825,1253.2619004969479,10.951682018349132,7617,9,1,1,283076
M0324,Motor,58.23105643115926,4.676369676247612,1402.9034672726953,9.682293753731278,6660,8,3,0,272700
M0325,Motor,49.63634721594927,5.054490971107384,1569.5884612695336,13.137459356178372,12926,9,1,0,88886
M0326,Motor,75.46948793936174,3.795032578640776,1394.0205544926162,15.690666526952363,14390,13,3,1,401169
M0327,CNC,72.80241413550394,4.984428494241193,1526.8575754240987,10.20907713983678,9624,10,0,0,145149
M0328,Loom,63.809889634647405,3.882253904104661,1427.1396272802626,4.8290868975916865,2176,8,0,0,144020
M0329,Pump,87.159643952572,5.618829401740891,1488.8868433865873,10.76333776492659,8956,3,2,0,52673
M0330,Pump,52.158982804086165,3.834701395121459,1312.2770332221198,14.74042119605222,9592,8,3,1,478106
M0331,CNC,46.693697948903136,5.178780709023935,1460.225133956068,13.61288970884964,11296,6,2,1,389657
M0332,Pump,56.69710316142507,4.447326935367039,1091.0636834919133,13.284558743431727,12242,13,2,1,73466
M0333,Motor,64.45296780373403,6.526890451389903,1427.5724610205618,11.160020094376561,3233,6,0,0,287626
M0334,Loom,67.92007339187231,4.407491297540725,1254.3432107541832,8.16290779134064,11637,6,2,0,404689
M0335,Compressor,62.10516730572404,1.3085415572276133,1594.719341985618,13.545882964873403,5700,3,1,0,100406
M0336,Pump,69.22466475817156,6.7714587012851855,1543.2888823317414,9.497154569896125,12027,10,2,1,446904
M0337,Motor,49.981526909714674,2.8696818584472856,1506.0005178359297,18.552290200141368,6906,1,3,0,119284
M0338,Compressor,82.3251752488791,3.3232205904321246,1632.5207472591255,13.711521625063547,8860,12,1,1,285718
M0339,Loom,64.01418585928917,3.4278096707217145,1336.1300175010194,10.258055092338147,8526,14,0,0,426723
M0340,Compressor,78.40754997905753,6.973988567707471,1659.683583749867,10.165844257834115,6559,4,3,0,63665
M0341,Motor,69.11270415653244,0.6557864148383481,1561.8629877112462,11.721167380159235,7732,10,1,0,70641
M0342,Compressor,70.4810386298454,10.147947360587988,1421.6133655337264,11.281494233934751,3513,12,3,1,475716
M0343,CNC,71.83720736278644,6.4009022563188935,1586.2744176619533,15.350501326589862,8830,6,1,0,85797
M0344,Compressor,70.37250272020778,4.9018300454324875,1317.244778510604,12.55924850923214,10965,11,3,1,265838
M0345,Pump,72.71267311841052,4.401190798890685,1351.0583006166792,9.805104783274416,7944,12,3,1,358094
M0346,Pump,80.94983036158918,5.013997334743783,1376.9692332112359,17.67132205546735,8910,10,1,1,468262
M0347,CNC,67.35825403641765,5.438020371082809,1386.5226750323181,12.147924994560668,6649,2,0,0,441698
M0348,Motor,73.50804509106214,5.661388054710103,1323.2130828687696,14.30651902790669,2096,7,0,0,152339
M0349,Pump,63.92317166855328,5.500088038806207,1596.769968051439,10.175320477665721,10120,7,3,1,163431
M0350,Loom,82.28140658539368,4.661245226259448,1418.9374719556201,13.08934688323357,2951,11,3,1,282275
M0351,Pump,56.88329237528876,4.144790843446813,1492.3005962028255,12.933329973429586,11165,4,0,0,452854
M0352,Pump,86.61128519492979,4.227708089423679,1381.5578360303584,6.331052123711541,10746,4,0,0,333317
M0353,Motor,64.51810459226787,4.149165095365174,1231.527603934178,18.04582533138192,11970,1,2,0,194294
M0354,Compressor,47.830698774583425,6.540786174360717,1482.4068830069707,15.871933382767642,13613,13,0,0,231136
M0355,Pump,66.53725297892947,5.568402100105551,1220.5294029496267,10.808414051562037,10186,2,3,0,218082
M0356,CNC,56.82738011030143,0.5,1441.7639144697437,8.693190778632435,8799,9,1,0,303301
M0357,Compressor,75.08772258786469,5.68062139775357,1285.8021953400628,13.042684841410656,9804,10,0,0,68095
M0358,Loom,57.16851224837131,4.8505251504937945,1688.4731199076969,12.260093098243189,11785,8,2,1,173554
M0359,Motor,59.64579880142264,4.466324238397385,1559.3635266609665,13.067006845689688,1595,8,2,0,444655
M0360,Loom,42.325511228653625,3.8006667844400055,1462.6904549525777,12.574732188582269,14208,9,2,0,437758
M0361,Compressor,59.57232416901108,6.523402895974824,1601.6448013185602,13.518722967917778,8875,7,1,0,284989
M0362,Compressor,35.91344808045252,6.205547631821144,1348.4420827041117,16.34191709817542,10033,13,0,1,448591
M0363,Compressor,45.99316611817132,3.1088201979175034,1515.2175254404112,13.704309615385938,14513,9,0,0,139023
M0364,Loom,74.12497587373157,5.232694116824163,1473.9772520462457,8.851033503270177,5439,10,0,0,157181
M0365,Compressor,74.42960190380998,2.751017877825685,1481.6824097600404,16.087688558137355,6972,12,1,0,272310
M0366,Loom,70.10549074141957,2.016687303379925,1602.6824200128121,16.92184369046486,1858,2,1,0,332744
M0367,Compressor,53.396286282449445,3.371908995738063,1537.8990523335763,21.456170203536253,6519,6,3,0,314610
M0368,CNC,64.42746372629624,6.052308250288966,1484.6468395390027,8.629517900281206,8385,3,2,0,306349
M0369,Compressor,64.95676953091318,6.215625081676956,1251.4135076526045,12.728646039450824,9636,11,2,1,226169
M0370,Loom,51.09962372968948,5.423553756175127,1334.7944445664643,5.753703890433038,10980,6,0,0,422078
M0371,Pump,83.04077962120581,5.8051724163263945,1435.274927968513,13.659447469137628,5317,3,1,1,103276
M0372,Compressor,75.52834748690806,5.429120916806925,1461.2046849131982,10.355399105499682,4454,8,1,1,493333
M0373,Pump,62.34842991404403,3.345333128598686,1314.375553039129,17.77033738447486,13144,11,0,0,490187
M0374,CNC,65.32263006793437,5.277460580413093,1739.4012010694105,9.676155089944254,13879,13,0,1,319072
M0375,Motor,67.50059369537063,5.940737145409829,1631.9672866304288,6.932450886098215,2030,4,3,0,367453
M0376,CNC,40.49918157890851,5.857724393664434,1522.2541984470981,10.586208777892441,10487,12,2,1,255719
M0377,Compressor,62.033871409752834,6.640044068654357,1458.6444233540494,6.073536686348588,8906,10,2,0,221960
M0378,Pump,56.816189024026414,5.774946924961915,1424.5349236118618,14.25329836352193,14305,6,2,0,276097
M0379,Pump,52.980559881261016,5.1326067735748495,1335.7697847973318,5.804750861231039,11255,9,3,1,224904
M0380,Loom,61.626796485368544,6.42627042896957,1459.2976622222634,12.085372743549476,2447,2,0,0,166196
M0381,Pump,86.57223832219427,4.452261733351692,1480.93030481713,5.76656454043141,11237,2,0,0,59404
M0382,Loom,72.69011433520411,2.912625627790108,1300.9887309422052,11.039106586390075,13811,7,2,0,476855
M0383,Motor,58.14585212260644,4.206479464901225,1490.1011700693878,16.930134467413602,3850,2,2,0,259190
M0384,Compressor,71.8709933762739,3.1591752393483916,1431.3689141410302,13.081943674307386,13016,2,3,0,163187
M0385,Loom,81.79226523903202,3.2846791050461133,1221.0630930547131,9.409519185105198,11260,4,1,1,422593
M0386,Motor,76.09560419495322,4.239866392712068,1346.7537987064597,11.906389533182749,12953,9,1,1,77684
M0387,Pump,65.71556443904208,3.0736441422000698,1400.3673359894026,12.05405061613334,9106,8,2,0,118591
M0388,Pump,57.23675866753311,3.9456692466497274,1676.5225188808229,13.417891037530216,11467,2,3,0,431965
M0389,Motor,73.37867976336308,1.0914935994831856,1516.786374944051,7.899424910157521,8151,8,2,0,258794
M0390,Pump,69.72182462506099,4.883928673271289,1289.742211708013,13.777701821541992,11000,4,1,0,314826
M0391,Motor,75.74231864033278,4.502169855652004,1508.3243547301165,4.0,10503,2,2,0,161186
M0392,Loom,72.62206162018363,3.029240464077257,1264.323521327396,10.110346342908569,7952,11,1,1,481262
M0393,Loom,77.59463258383202,5.686642203178329,1579.9229264664489,10.535178472645367,5055,10,1,0,293181
M0394,Motor,58.57717746127318,6.187626247727805,1393.4650417818546,13.899980478213715,6402,7,1,1,71832
M0395,Loom,80.80872878761191,1.6063922441358467,1438.7636573512996,12.067892558030607,11643,6,0,0,66997
M0396,Loom,67.3711952563088,3.1270953985808143,1609.0955977050628,7.78331083843114,10281,14,0,0,346784
M0397,Loom,89.90313047150319,3.115543770382863,1295.54037176989,9.045020622548954,2672,10,2,1,90491
M0398,CNC,56.72974618292518,2.8081744180040435,1282.345817786441,12.596040028642221,12867,5,1,0,113043
M0399,Compressor,85.83156563798299,5.993054715477147,1379.9680808384794,11.76279797440633,5532,11,0,1,424319
M0400,Pump,67.37492940155177,4.151112950208954,1574.605462122318,10.26262767109276,5924,1,2,1,178568
M0401,CNC,57.18298395662662,4.0238732856409,1267.6784709427789,10.557498631464062,13546,2,2,0,426394
M0402,Loom,59.19336999134814,0.8930477440678435,1110.1413282267317,14.088503991477868,11195,8,2,0,122725
M0403,Motor,61.155832301668156,5.6437524543766076,1395.8609369909202,10.446922281392355,7085,1,2,0,178131
M0404,Loom,70.08999135682299,2.2693348892637495,1516.2088959893103,11.73572626791278,13390,3,2,0,95520
M0405,Compressor,71.274025856426,4.607878734479391,1594.0314099686595,18.50980976424163,14280,2,3,0,375063
M0406,Loom,58.11559995273705,4.999278488324745,1394.420636549752,7.728952089348231,8734,5,1,0,159869
M0407,Motor,64.7077448928682,6.949185472509572,1400.6288071460797,6.444471805276024,5864,4,2,1,114442
M0408,Compressor,90.70724430334236,2.1441232815855984,1588.4680881106897,14.350768994395821,10316,13,3,1,311025
M0409,Loom,85.73051804120854,0.5,1225.6309960365495,9.96407081611769,2221,7,1,0,202842
M0410,Compressor,70.23588403608838,4.830929180556651,1403.3775069780388,11.045287416772139,3860,5,0,0,417390
M0411,Pump,65.4560417380184,7.740920126719537,1472.8508667910069,9.656530865606658,11465,8,2,1,228570
M0412,Pump,66.44037592061913,6.730103435290987,1503.906246554204,11.220599577697463,12182,4,3,1,421831
M0413,Loom,72.362215672765,4.877386947494326,1388.8231968170942,16.795614336289024,11702,12,0,1,173447
M0414,Compressor,52.72648921761913,3.615054865862315,1454.132921404701,14.406385375854358,9428,6,3,0,111477
M0415,Motor,61.91148155091986,5.9528206739471585,1151.4007175904412,14.586670535660932,10336,4,1,1,50244
M0416,Loom,44.97699111346893,2.7476168405319563,1371.010190519938,7.751318832622063,4253,2,1,0,476004
M0417,Pump,69.79067747126335,5.357443984841194,1504.421045506536,8.546538790341392,4782,1,0,0,391597
M0418,Pump,72.76635127643289,5.409846286499929,1332.1247158894384,4.0,7957,14,3,0,227561
M0419,Loom,59.201762452407515,6.408377833497983,1457.0781065907518,9.571857536751738,1766,14,2,1,440106
M0420,Compressor,83.88784115948039,9.46738807003994,1503.6247000963237,14.870109559156976,3681,1,2,1,383447
M0421,Pump,50.290812043971904,5.206348740921781,1408.8940958970682,13.550839547245113,8710,8,0,0,340534
M0422,Compressor,47.42750143748216,3.5838654737265023,1470.4556525195885,11.335460211143628,8482,14,0,0,60247
M0423,Pump,67.69342182271967,4.45396623805441,1334.4720921658466,11.93309914884584,6086,4,0,0,250123
M0424,Pump,77.56517963134586,1.3156633711995869,1425.2066464364743,9.933343372273782,8964,5,3,0,240791
M0425,CNC,85.20713229749443,3.249516364039695,1523.2259403507067,12.614276647205353,3665,11,2,0,477894
M0426,Pump,59.49338884557272,3.7632916113964128,1468.836755316212,14.297634838441844,10951,8,2,1,257358
M0427,Motor,77.94417000117555,3.5566408837177335,1379.6162476523277,7.1523396377685815,12683,12,2,1,341727
M0428,Loom,64.53789836599151,4.7742387696607,1476.9059685148952,12.898943063512045,12007,7,0,0,189148
M0429,Loom,62.92847240071016,3.019644121712039,1535.753174876394,14.797304612864002,4513,13,2,0,461222
M0430,Compressor,75.60391924984006,6.517855201184048,1204.0070465707026,10.754699133109892,1495,8,1,1,196123
M0431,Pump,72.82787454096103,4.5003727168527545,1589.0888877947077,14.10210183636175,14335,13,0,0,447530
M0432,Motor,46.08329411618901,4.483259421950494,1409.6494313582714,20.44396333341766,12372,8,2,0,78670
M0433,Compressor,82.71848419671075,3.909789510276748,1501.0587919888276,11.686971621039325,6822,6,3,1,437064
M0434,CNC,81.56109624976942,4.7793432309461625,1593.6696308374273,13.179921150015971,13122,10,0,1,60236
M0435,Compressor,57.49324758188565,5.985176876401742,1285.399156332344,9.785828749015826,3072,2,1,0,85568
M0436,Compressor,69.7496424012489,2.9391656117203793,1364.8670797086943,12.543753487806152,8795,6,1,0,157327
M0437,Pump,70.92836223539287,3.3153903196645382,1415.3741564949155,13.380814874946912,9529,14,3,1,305745
M0438,CNC,68.12808518988689,3.9532931482020035,1355.9495774650686,12.584527020810414,4949,1,3,0,422332
M0439,Compressor,58.396338153854956,2.077432337748213,1658.1923891004171,8.94091404087343,7033,1,0,0,328496
M0440,Motor,56.940519584743384,3.025335852501304,1347.187348740785,12.619085313976353,12300,11,0,0,175721
M0441,Motor,64.69335114810265,3.6428024276196136,1383.334386461576,16.38658781615291,11009,3,1,1,309291
M0442,Loom,79.07274823111237,6.07390052528291,1474.5266837923573,13.345907293543583,9328,3,3,0,488866
M0443,CNC,71.52320185513318,4.972610392203465,1305.7420568708694,14.885961567215523,3555,11,0,0,453562
M0444,CNC,60.55262801496673,4.84846184046158,1402.5183145892483,11.288964089962118,7370,13,1,1,206228
M0445,Loom,74.26038452778013,6.03161633190235,1488.094391350021,14.249700718271132,5415,5,3,1,105904
M0446,Compressor,35.0,4.252730780881086,1410.0567514740987,12.837803514649577,6959,1,1,0,457251
M0447,CNC,78.78518840446525,5.2028367298720015,1438.7935769320063,9.147267810938304,10107,10,2,0,434285
M0448,Motor,44.1234346546628,4.3142008447215066,1386.4801465061955,12.955563014396624,14493,6,3,0,328252
M0449,Motor,60.650708703162415,4.9776522289193315,1268.263562898308,9.024910009679068,6993,7,0,0,314997
M0450,Pump,51.563961264486274,3.4510344162991524,1488.5911853607086,10.101359175345625,12730,10,0,0,396300
M0451,CNC,49.46382229134913,0.5,1660.591968597669,12.567984921877123,6021,12,2,0,316320
M0452,Compressor,78.92992144854223,4.258297508064652,1452.2081956940126,12.891732820140373,11292,13,3,0,150459
M0453,Loom,59.3875855842573,7.060946644979892,1477.031694069706,8.432302604768612,3907,11,1,1,469136
M0454,Loom,69.15804658076858,6.167187724034866,1533.126730614023,15.161957313548628,3914,3,0,0,235922
M0455,Compressor,64.4369530534498,6.2377154722641075,1297.6803404143961,13.71601883490142,14546,4,2,1,187901
M0456,Pump,70.72448992667746,6.725035299251193,1654.3017589755527,9.885814693167347,11174,10,2,1,173225
M0457,Loom,65.92186269272307,4.659583663730587,1474.2794555707362,7.387245610652474,4870,11,3,1,285847
M0458,CNC,49.604093309737166,4.855168273330072,1645.8228278906931,11.565286262755706,13720,10,3,1,271738
M0459,Pump,76.95520183336568,3.3882265882181697,1362.0360405371214,10.66216885841652,12759,14,0,1,430602
M0460,CNC,59.07492100206425,3.9310688591513103,1668.167430706939,12.339421371159068,10190,12,2,0,160893
M0461,Motor,46.321017216082986,5.608388069588055,1543.018659284174,10.9106500165333,11339,10,1,1,386071
M0462,Pump,59.86261806840905,6.666991986903869,1516.364810302283,5.9776294177649705,6085,14,2,1,430322
M0463,Loom,83.00911748761173,4.248996703774201,1478.0829345223779,10.834959185096524,13886,10,1,0,292726
M0464,Pump,75.20266090536191,3.6896593232674593,1420.176565831066,11.08314266679506,7546,10,1,1,352811
M0465,Pump,60.81617438710569,4.500950325941875,1594.0637990168648,13.900983074322177,1395,3,0,0,246914
M0466,Pump,60.80890754817885,5.582172148072407,1466.8431843817657,9.90540097616685,12790,1,2,0,479059
M0467,Pump,61.14037938539141,1.9010613309596245,1213.9516355695418,17.0360240201177,13702,8,1,1,231880
M0468,CNC,89.92097580273008,0.5,1315.9376245951598,6.265078348044729,1938,13,3,0,473759
M0469,Motor,69.58322542677864,3.5090336709151497,1427.6985097368704,15.933502493407874,10828,10,1,1,56611
M0470,Compressor,70.16049976629283,2.3027176333545145,1487.1998779798666,11.327043087365686,11916,10,3,0,400386
M0471,Pump,77.3634014483821,3.58534764423484,1443.2093813320125,14.578754617030668,3510,2,3,0,396756
M0472,Loom,67.86546990831816,4.233995426128551,1596.2764947752396,12.239404452176199,5636,1,2,0,359046
M0473,Pump,61.89149425015156,3.684152863758576,1215.867776315365,15.418666608076407,2649,14,3,1,297524
M0474,Loom,62.643801810980264,7.114441562047341,1467.2305523806192,10.837914106341566,4690,8,1,1,345187
M0475,CNC,64.14078488703123,5.088140576284176,1231.8424929535415,8.704138724466564,4435,7,3,1,186343
M0476,Loom,64.5533331618819,5.040853847299491,1541.1654754581002,16.261512861813188,4201,7,2,1,385011
M0477,Compressor,73.73155452364375,5.619972859278123,1438.6649542669597,11.659558062353577,5179,4,0,0,389233
M0478,Motor,65.6233506296876,2.4501003879946155,1500.353196642894,12.664675420872632,13558,11,1,0,370889
M0479,Loom,73.79168092658695,6.370401217356484,1346.334044729228,15.704255742134386,11483,9,1,1,240191
M0480,Loom,64.03140103869701,4.363624284236172,1603.5357917989302,8.904134273716696,13675,6,2,0,192645
M0481,Motor,65.94362228379309,5.706865111034182,1575.0069596870621,13.786472692917773,9405,2,2,0,202481
M0482,Compressor,41.02159178561471,2.57065698052772,1520.0253163614266,10.230315730611327,4237,14,2,0,398114
M0483,Pump,75.99593209642978,1.7032342211710843,1434.4579303763871,11.603491933066884,4862,1,2,0,336608
M0484,Loom,69.15786171077592,5.972201384445052,1519.5828742354158,12.216836896152866,1058,1,1,0,299220
M0485,Motor,76.97612131831582,5.17753714697553,1365.172891841518,7.499334415659192,14913,9,0,1,486056
M0486,CNC,35.0,2.8763072021564815,1552.6666790824854,9.663488871538696,12122,4,3,0,492001
M0487,Motor,90.06049645736873,2.93460645370555,1647.9377073188705,16.053218677239418,5938,5,3,1,168523
M0488,CNC,63.324924462137915,6.525782611946585,1578.4732671975023,14.658573565754388,3971,3,0,0,70662
M0489,Compressor,78.2981938008502,2.3590585928388097,1362.4477036231108,11.812081268018295,10719,4,0,0,330372
M0490,Pump,52.52112887449363,7.456811315860734,1493.3700780727722,12.729370375538679,9314,12,0,1,110721
M0491,Motor,72.35328686075084,2.878882677633836,1294.8230147489624,11.117272483090627,12911,8,2,1,492439
M0492,Loom,52.35901324191613,5.649105466095089,1518.6868373410812,16.069750157483945,10628,13,1,1,188458
M0493,Compressor,57.51477247165034,3.9084867436518276,1504.0724095435046,11.398942266617508,10354,4,1,0,319006
M0494,Motor,87.96837624640143,5.585737375948217,1225.6220392561404,12.695526276404545,12492,9,1,0,90108
M0495,Loom,62.71181119083984,3.5205947961944535,1310.5859387305163,15.438090432426195,4345,9,2,0,141788
M0496,Motor,67.60919447815668,4.20697276906987,1416.023332390748,9.66788554546228,3486,6,1,0,294437
M0497,CNC,75.44081276826505,4.573654515712298,1413.8968303431009,16.67636755349068,1561,2,2,0,287011
M0498,Motor,70.94818265567126,2.696062579593349,1304.8627677497434,7.408615770769869,4981,12,1,1,392284
M0499,Motor,66.80502686172292,5.833483821756227,1496.6774475222621,16.888926393338394,7261,10,0,0,208273
M0500,Motor,69.3795320295947,3.5762155803511466,1480.1768330728614,10.881973248144076,2737,11,3,0,380722
M0501,Compressor,93.84098702285931,4.088520152387966,1426.6877041625776,11.271903756524155,10096,7,3,1,99966
M0502,Motor,64.30857443559698,2.7101711257046777,1359.3050199809963,6.329969486451171,4554,9,2,1,235846
M0503,Loom,67.41318856057961,0.5,1575.8448551699876,10.635615847866921,13682,6,1,0,322530
M0504,CNC,77.60785275209135,4.156150027319696,1648.6488535705955,8.880580406919346,10918,3,3,0,127228
M0505,CNC,78.2663111954958,8.842707758903249,1391.9726219384156,10.177060963879581,12115,14,0,1,196297
M0506,Motor,79.24436366672457,5.912287718216443,1376.5399699414215,11.588067102633362,12723,7,0,1,459909
M0507,Compressor,72.66476266435022,4.46533131647809,1508.9449198494397,14.873374843418716,13098,5,0,0,384341
M0508,Compressor,51.283941047234194,4.026796507425118,1407.0364744303617,12.622810054201878,10126,1,2,0,93021
M0509,Loom,84.60117838761315,4.540438607061684,1433.272335920412,12.923029960203342,14389,3,2,0,431059
M0510,Motor,51.243855283775744,5.484814407315378,1538.7583782069605,8.713441833463314,8095,5,1,0,199333
M0511,CNC,68.6316255828684,2.3745369324440793,1220.8772694991248,9.35773773119181,14723,7,0,0,470594
M0512,Compressor,55.948689799767706,6.505779050403969,1608.1962789823203,17.396175055053938,9266,3,1,0,429318
M0513,Motor,64.23033984088408,5.787686367794239,1458.721662919521,9.79439689571026,1294,6,1,0,302646
M0514,Compressor,68.94514892364177,5.792734306274282,1400.6208226525384,16.968624756171888,9212,5,0,0,136755
M0515,Compressor,68.85628658540328,5.289256329857509,1439.2919014934262,11.2708164033574,12434,13,1,1,455153
M0516,CNC,70.06304905082342,4.5353099838491815,1445.4915226024623,12.006863808430513,10230,1,3,0,116330
M0517,Pump,84.36453522870377,5.711150224740276,1242.255843586609,15.211095480689789,6330,10,2,1,228438
M0518,Loom,70.44241161816775,5.56526544073448,1629.3925872943882,15.81567726581597,5655,6,1,0,384466
M0519,Loom,62.070120376512214,3.8627267203061573,1454.9590758724742,11.667562319162737,2109,14,0,0,414462
M0520,CNC,76.56904601946029,3.4675168087855783,1503.160255653685,10.835270839435383,14460,8,2,0,483376
M0521,Compressor,79.2736458670957,4.683341331471576,1564.1859724688852,11.832238654433361,4771,13,2,1,95313
M0522,Motor,50.26870621835609,7.2882362726913374,1327.460505092764,13.013872584696355,9563,13,1,1,284729
M0523,Compressor,72.1688008381983,2.2696072638229783,1506.8166278842275,14.673911060609267,7123,1,3,0,282783
M0524,CNC,73.41407290773078,1.858454521645608,1417.8830690921448,12.012689576982455,8647,2,1,0,339176
M0525,Loom,61.429237959680094,4.79656951422573,1551.6124930259793,13.856658894069461,14105,14,3,1,198430
M0526,Compressor,81.50848175973942,4.591597863340833,1194.7327095578205,16.915079196812822,2174,4,2,0,373854
M0527,Loom,63.19933295560968,4.812014995866734,1438.1086839710476,13.143928836794354,2164,12,1,1,407470
M0528,Motor,66.5069174416585,4.9391157562353,1377.6615213059247,12.934958568014334,10284,2,0,1,398301
M0529,Loom,62.92313810859356,4.098235941657351,1501.8715540760986,7.443267524729796,10475,11,1,0,492037
M0530,Loom,65.1869485709776,7.1817541894837476,1506.4053024841842,4.10780958951281,11203,9,3,1,78365
M0531,Pump,51.84469895725758,1.618372838742272,1365.0848926213569,13.165127187690505,10037,10,3,0,325333
M0532,Pump,47.719389408868466,3.0087053553955574,1364.5391362988748,11.715527306157384,11183,8,1,1,57248
M0533,Pump,84.13406075869966,4.314141431731715,1436.7201557731205,10.455651975255774,9712,8,3,1,54369
M0534,Loom,54.836463820180064,1.5422601399224987,1342.4029327221751,12.730590612559034,5466,4,2,0,451266
M0535,CNC,53.10329180652431,4.183462072022272,1551.0380434542553,11.818788812409275,6538,5,1,0,340749
M0536,Loom,39.15931863675542,7.490646298310432,1405.6951359463064,15.383340751901695,13388,4,3,0,361760
M0537,CNC,57.332459027725974,4.537595678932731,1101.161413681403,12.258332604776934,13948,13,1,1,497695
M0538,CNC,49.12292247911002,4.91526163029363,1405.0213532053833,9.759230144789498,14969,9,1,1,415863
M0539,Pump,84.70418192163643,2.2317034226893555,1325.3747414987233,14.970498716877866,8111,13,0,1,221955
M0540,Compressor,77.11780507211161,3.3905494655289408,1254.2469021446866,11.348606775161393,9434,2,1,0,83055
M0541,Motor,56.742195857867316,3.824646515416913,1301.5088034132914,13.579610051016921,3800,13,0,0,249803
M0542,Pump,92.0292296641317,3.9281128258387787,1463.1290166199565,10.567767881421599,5607,11,3,0,428824
M0543,Pump,76.78118584389912,6.806958831006783,1609.4368993897876,10.050519343507691,12088,8,0,0,319594
M0544,Compressor,61.10202339789653,5.503843909305225,1487.5821368637976,12.252504690557089,11794,2,0,0,183997
M0545,Motor,35.00713142151712,2.4993756775133424,1377.2195934141112,12.038485930631055,8262,1,0,0,100272
M0546,Loom,92.4913108710889,4.943708601177609,1504.7085034204842,13.4394811061005,11465,10,2,0,55310
M0547,Loom,48.32513039883685,5.396799147294213,1394.909162773721,11.194062740070773,2541,3,0,0,81817
M0548,Pump,45.2552150365173,6.552268269338279,1366.6479557004227,6.4909206486888085,3765,9,1,0,487744
M0549,Motor,77.27084518411569,7.344973235823073,1311.4764798120418,10.701678349234834,11306,12,0,1,498995
M0550,Pump,94.27702887607127,2.6728304547098363,1239.7805431897937,14.381455401431447,5491,3,1,0,265888
M0551,CNC,81.61127382212622,3.0404564798213913,1403.2091552128666,11.10787176227068,13899,9,0,0,132641
M0552,Pump,71.76690944062831,2.2363598539536906,1468.966418790416,11.260849792456355,4083,7,2,0,265155
M0553,Pump,72.13705209998344,4.078764253607433,1438.4051595982132,14.95912951771781,6356,13,3,1,257382
M0554,Loom,75.2409867053637,5.339445074003402,1400.0839686463169,9.864080318223232,2857,10,0,0,65457
M0555,Loom,74.10714307744118,6.277202129860384,1336.5104727163862,7.371590345271301,1769,1,0,0,92311
M0556,Loom,68.37429708763251,4.363288157443459,1522.9895430021961,11.518106641423516,2422,10,2,1,447196
M0557,CNC,66.25041324742251,3.924274458141281,1291.9441696064098,10.54747814625379,9598,5,0,0,201958
M0558,Loom,64.24888246520572,4.773164386047733,1543.1233496612172,9.101261040740237,3972,9,1,0,494093
M0559,Motor,55.952424933599886,2.9967427770659585,1329.733957728793,11.473864632303927,2872,12,0,0,173573
M0560,Compressor,61.63189907759871,8.261169699050592,1359.7077715176358,13.474516941740351,6599,3,0,0,409571
M0561,Motor,44.684518229655374,1.6062101511874944,1273.9857771261188,11.972134315296552,11886,9,3,0,348325
M0562,Motor,63.819924478463,4.8325330420123045,1389.8317423737235,12.920943218058714,3269,5,3,1,214334
M0563,Loom,53.13690671418899,8.142491194613351,1567.0374950173575,17.44022309554627,6275,9,0,1,444163
M0564,Compressor,51.75692819341075,4.512239720207996,1511.8753706132748,10.971363415327307,5749,10,2,0,443238
M0565,Compressor,67.15872981384175,4.15792973699731,1567.4106534433643,12.83504590393401,7571,6,3,1,313272
M0566,Compressor,81.70402743613519,3.856598238941231,1512.6571055120723,10.472359912202597,10373,9,0,0,129522
M0567,CNC,76.01979927202775,4.175294972827666,1317.5596205763557,9.460920840339082,6072,7,3,0,213394
M0568,Loom,46.15399275652187,6.9711272544177545,1410.3052930806932,10.245277039746691,10631,7,0,0,98929
M0569,Compressor,53.12446236115595,0.5186485596068877,1356.3761045059046,10.563724285434935,12245,8,3,0,131696
M0570,CNC,76.2892542558586,7.260180662333386,1609.6689884846849,13.078427392641377,6463,7,3,0,427389
M0571,Pump,53.210151277540284,1.9368771255897386,1306.3853624288427,19.047227360102273,12525,12,1,0,321952
M0572,Pump,62.3044022000357,4.020025807378054,1557.2437227266932,9.851869691172478,8450,9,0,0,145148
M0573,CNC,71.60062518829463,3.727360043462409,1557.1544644130522,10.750124083153612,12089,11,0,1,496098
M0574,CNC,53.379866541636375,5.559395885587295,1669.5544242059304,11.810630960666256,12095,9,0,0,333869
M0575,Loom,66.26450607375152,1.6233761666092543,1400.8376088844602,13.187396546129241,9420,6,0,0,384678
M0576,Loom,48.991694060981544,5.331910798947497,1535.4786591496195,12.790652435864356,4959,7,3,1,352094
M0577,Pump,57.78358827258543,8.143757321916334,1723.7982203846611,15.852287381844352,11085,2,1,1,270026
M0578,Compressor,68.83738320971044,2.0462867917329413,1375.8829987679565,4.720823788394375,2313,9,1,0,133576
M0579,Pump,45.884075197619964,4.841471101698712,1265.7951702961168,4.839210389412981,8847,12,2,0,70557
M0580,Compressor,70.28569685552479,3.308432079966104,1224.3987959310684,10.512365483969552,2070,13,0,0,71825
M0581,Compressor,64.76434641287983,5.2665969711474645,1535.5254434633598,15.291900562631126,10166,1,2,0,321142
M0582,Loom,71.62987945300577,4.534465999348353,1224.02197503297,7.303055905183211,10930,1,3,0,86080
M0583,Motor,67.68696960877594,3.3453235637202425,1405.3217136474493,4.0,4285,3,2,0,308815
M0584,Motor,81.36968515968613,5.3781701127679336,1502.4775824446754,13.713538218657625,9949,12,0,1,238869
M0585,CNC,66.5026940317749,7.747826597616138,1472.2210644195898,12.730971671108144,4095,6,1,0,196874
M0586,Loom,59.84713350649697,4.156373174890862,1501.0533837021007,8.729374779601711,1320,5,1,0,454383
M0587,Compressor,66.4675700363874,5.795564295866727,1476.6747826961025,9.04338119783721,3321,2,0,0,92407
M0588,Motor,71.51957634843666,2.1721086758319053,1603.4638975976072,9.090768841095976,1555,9,3,0,170283
M0589,Compressor,65.58632084390845,2.7784145217275844,1335.7220343113443,12.331605952421821,5939,14,0,1,63338
M0590,Motor,65.48710029444659,5.3503313001846795,1368.7605833849761,10.121054171450979,6432,13,3,1,126289
M0591,Motor,56.57609974631893,7.1714088513647365,1357.280866567501,13.482191756926559,2386,10,1,0,199967
M0592,Motor,57.04518898938862,5.140104027814188,1549.6230174235131,4.0,5763,14,3,1,228982
M0593,Loom,48.16873673840368,3.9364955450583223,1558.0478306074076,9.429444404616602,12239,4,0,0,443173
M0594,Pump,85.99492091824328,4.498724529762037,1504.147038318221,8.621838117266849,11619,4,0,0,159367
M0595,Compressor,50.07364117530458,2.2492660788545082,1592.0192400267913,11.230977964882523,7854,5,0,0,378042
M0596,Loom,56.68513762644911,5.58812758743966,1308.6350959148344,10.385856724529585,11196,8,3,1,446670
M0597,Loom,56.37911281316963,6.088199512182136,1650.0668933861364,14.3935313396873,11122,10,3,1,167486
M0598,Loom,75.7390925233333,3.6862374009004553,1632.788634605471,6.4219896850198275,8637,4,3,0,398684
M0599,Loom,61.46060386049567,3.653924134032897,1538.2746396694897,12.136474428992257,5841,5,1,0,264209
M0600,Loom,79.97290487208481,4.9785808133736875,1663.8158690525272,13.675009269635117,13962,12,2,1,493853
M0601,CNC,56.91811250907358,3.7139044751269283,1251.2052150786672,17.569942309685864,11355,4,2,1,306055
M0602,Compressor,68.34792994668562,4.380961293673519,1387.0662236484818,10.554702086719574,14353,14,0,0,186421
M0603,Loom,54.97583536088291,8.279499220499728,1361.7635847181657,12.973375813057551,4867,6,1,1,437560
M0604,Compressor,90.74178953328067,4.055353738657206,1536.5775188508812,6.588411622312905,11618,12,3,1,352107
M0605,CNC,50.748818971645846,3.8549877263618,1323.9831112477425,4.824131387060929,4793,3,0,0,450966
M0606,CNC,68.71784852272432,3.3344247498567134,1540.8994179204983,14.5343231273451,8373,8,1,0,407073
M0607,Compressor,72.60532257118518,5.839545548699887,1614.4643372796056,11.983319119055789,3513,6,0,1,203535
M0608,Motor,69.96558916941798,4.173796488207414,1533.42434801008,15.535538069395269,4803,10,1,1,124935
M0609,Pump,62.7765480934675,3.331128531021433,1484.05012283938,7.879791333090752,3327,5,1,0,239864
M0610,Motor,63.44215160319889,6.878347258091422,1331.4551990919101,13.559706418586257,9809,13,2,0,325830
M0611,Motor,65.52573766374931,7.055285408124547,1348.3778840649563,17.606453521631558,3165,2,0,0,113528
M0612,Motor,63.235975980458136,3.4192375816703304,1599.9542686355999,13.259116825071798,4308,10,3,0,149811
M0613,Loom,76.56654940153892,1.1402280875508906,1543.52188046864,12.829744516773147,7452,10,2,1,334931
M0614,CNC,91.52627601909622,6.31352464170646,1445.3176576746946,12.02566824247305,9067,7,2,0,457992
M0615,Motor,58.310098579906,3.2676663136319926,1399.850854508093,7.287355628622263,8642,2,3,0,427757
M0616,CNC,48.562364245051064,5.923126078492984,1206.9030552266347,16.066718807131046,7404,1,1,0,238499
M0617,Compressor,63.94061541978494,0.9538131281186959,1321.4977097578674,10.167427080584803,1992,7,3,0,310141
M0618,Pump,95.95651205185183,6.106675208938757,1679.3702904567667,13.513449769149052,6424,5,0,1,154887
M0619,Compressor,55.35590518436323,2.3198905272945938,1296.3453314797039,7.31089708028624,10569,1,3,0,111086
M0620,Compressor,84.6694016653288,5.815375414319744,1472.7375785465297,8.461621006476658,5381,4,1,0,414375
M0621,Loom,85.13240976891728,4.525691522105581,1570.8932767834237,16.305262197666707,4174,12,3,1,305494
M0622,Pump,58.35694109950406,2.782909045086039,1299.4092798397248,10.958093133126471,5782,13,1,0,113308
M0623,Compressor,71.8277969502233,3.7673346367317952,1472.16525697373,16.359826428127633,10497,4,1,0,327941
M0624,Compressor,84.54075947754245,5.735373222522061,1562.5498645012785,11.765308022824447,6560,10,0,0,317446
M0625,Pump,60.45046710815016,4.6906100156074215,1451.49991862887,6.474306681126428,8460,7,3,0,88059
M0626,Pump,62.55703567877166,5.551943364850471,1794.2083666800122,14.676202799195162,14025,9,3,1,181980
M0627,Compressor,58.01982903261627,8.057593052127874,1249.7680889346166,10.230323046733176,4078,2,0,0,241324
M0628,Pump,52.822919231685596,1.6843650989201073,1577.0474235860654,14.09606644055113,11878,12,1,0,193949
M0629,Compressor,57.20866945920791,7.410982634943523,1429.2637915124242,12.075632602620246,3983,14,3,1,326383
M0630,Compressor,50.31271679885292,4.687840687541783,1542.630418580401,7.370645316171389,8259,1,0,0,77313
M0631,Loom,65.40900161911071,2.882188713018369,1502.9568582039094,12.492884296111708,7054,2,1,1,92103
M0632,Motor,55.7603212272963,2.1054354736698184,1362.0212563468003,18.588669426458395,3523,7,0,0,229480
M0633,Compressor,67.80543094148898,4.1595832966013395,1477.4795670951207,13.478959375543377,12774,13,3,1,138771
M0634,CNC,46.329252245556475,6.158970201464027,1227.0518258322056,11.82744674098361,10677,10,0,1,176228
M0635,Motor,68.97056278657348,4.270411583320438,1522.3897000685672,15.226030205870693,11292,6,2,1,141665
M0636,Motor,75.0023475393071,7.220078874445226,1485.779015918863,12.632005395609333,5581,4,1,1,322678
M0637,Motor,41.075172289142536,1.8878837579071939,1526.6392202371724,12.628602690788384,12907,1,2,0,355204
M0638,Loom,69.48867883817087,4.4782398938771015,1576.974199010458,8.725124483522691,6609,13,2,1,329333
M0639,Compressor,79.7320279096795,2.2456918000563855,1494.1143808251652,12.701544077368794,3001,1,1,0,440575
M0640,Loom,50.48430777570553,5.154537388724942,1467.7707303757932,15.106330249250835,2387,5,1,1,136067
M0641,Compressor,85.07086864205243,6.0963973021751405,1344.271799600645,9.491813543699926,12375,1,0,1,323111
M0642,Loom,70.02822811239254,3.742628771374104,1364.533508362114,16.273487463740842,7552,12,1,1,263063
M0643,Loom,56.539857730899094,0.5,1592.4081544212797,11.724881927564622,2030,7,2,0,377707
M0644,CNC,64.33077106810752,4.8581066642336905,1622.3602486847174,9.336691465384378,10957,13,2,1,320804
M0645,Loom,71.69992295026067,5.2861293931203175,1421.4267476425534,14.992896230760733,13955,11,3,1,430815
M0646,Pump,65.91206469694893,5.227730558931055,1455.5203296703928,11.139617292785193,2220,1,1,0,179909
M0647,CNC,71.46507190935642,6.724407945279877,1341.446275000748,14.278544662458323,14122,1,2,0,483039
M0648,Loom,53.9519168830476,2.572103376631712,1590.7308214320933,11.124724103224388,14163,2,3,1,499058
M0649,Motor,67.03232988843294,5.724388989810809,1529.8500188430135,11.820521569410289,12998,13,3,1,190688
M0650,Pump,48.03542603714024,6.646513522460355,1682.9460923756499,13.480680613002875,11606,14,0,1,125976
M0651,Pump,63.6652872638156,1.2985423487882697,1344.6012307384312,12.872691172770018,14289,11,2,0,283208
M0652,Pump,54.153108302422524,5.075373286654159,1404.639052117814,6.0134046586447845,13537,12,0,0,229810
M0653,CNC,56.1736406889228,3.5924763041861913,1477.7735107030687,8.636268779716826,7035,10,2,1,325251
M0654,Loom,79.83311810252525,4.353259188417037,1527.5787445270926,14.788229954372447,10810,3,0,0,242476
M0655,Loom,78.09572144713123,5.125817670369005,1424.119883494284,11.603590233295359,10455,13,0,0,144182
M0656,Motor,72.30965745088612,3.622988584595606,1345.244669145556,10.428806091685734,7523,11,1,0,293153
M0657,Motor,51.89224682392906,3.2837254575090986,1555.7689034708285,7.924277954227577,9074,1,0,0,403931
M0658,Pump,61.203098603662376,4.561474351478444,1536.5362435054699,8.760791036172455,10063,9,1,1,328098
M0659,Motor,79.5571723997502,2.542957310046955,1340.047107932353,5.934604080114157,1834,10,3,0,329087
M0660,CNC,66.70060296367886,2.545514768006666,1612.6531361326595,11.696157843895401,12014,8,2,0,90725
M0661,Loom,92.83195447978034,5.7228719093217055,1590.4238451035924,10.20468725825686,10110,5,3,1,357578
M0662,Pump,69.71981407273246,2.432170736714419,1466.115579669735,9.100236327044055,2724,13,2,0,397895
M0663,Motor,67.30458939788038,5.699362501636582,1459.5517434851245,11.795629724496141,7598,11,3,1,60110
M0664,CNC,61.29060242956999,5.332664327137112,1516.4869325339089,13.091911892558214,3413,2,2,0,328606
M0665,CNC,66.6024908573874,1.3935478881769257,1346.595631569249,18.279593796629833,10505,5,0,0,391376
M0666,Motor,63.17036196343347,3.280383625795821,1453.6037774996898,7.464349741310359,6993,6,2,0,235153
M0667,Loom,73.49730412026308,6.64939692548527,1191.7139746468984,15.478143129901566,5498,14,2,1,496015
M0668,Motor,76.480427801535,2.7339020439485733,1555.1746774603523,14.919304683045215,3105,1,3,0,116567
M0669,Pump,55.568126473904606,3.664072327843102,1262.620813306977,9.662721781869898,3568,11,3,0,232296
M0670,Motor,49.025204557306665,5.331709607853414,1630.4103794114799,12.609707863758093,14615,4,3,0,439569
M0671,CNC,42.96553552276044,5.910102916708672,1410.3855887240259,10.627100251987155,10330,9,1,1,368207
M0672,Motor,71.09589592295052,4.047230005119908,1424.5999621682588,12.557065741256217,1209,2,1,0,163394
M0673,Loom,51.759600725913515,3.4244816495550454,1374.6719312698592,16.527393040213653,10256,5,2,1,367384
M0674,Compressor,39.165312884570206,7.0602657510573135,1415.4353351293507,13.81681869789394,5911,1,2,0,393496
M0675,Motor,69.66294325437157,7.630019394835642,1620.2237614177643,13.525825119700325,3220,4,0,0,198940
M0676,Loom,94.91599420919349,6.261944491407232,1151.4629612157905,10.709072040136073,1233,4,0,1,393133
M0677,Loom,64.92714906152128,4.653572656617043,1603.2358463305825,7.547830005226994,1792,6,2,1,72222
M0678,CNC,75.06188929341971,3.0451217010463325,1490.562817732205,11.374595368378776,14901,10,1,0,129794
M0679,Loom,65.98195230257078,3.0052000681981825,1305.1574022571342,15.619824464591746,4110,9,2,0,113924
M0680,Loom,63.81332416170629,5.440525389478363,1320.9625128340915,7.418496430231057,3166,3,0,0,149854
M0681,Loom,76.02891779585322,5.253116797599631,1651.1671632649843,8.834731895469915,9526,9,1,1,390657
M0682,Loom,61.51670546973618,7.022877467303573,1336.5391744068722,12.378803208702205,10551,6,1,1,310038
M0683,Pump,68.20870776886284,5.670810166565051,1311.597938728485,9.046035645458213,14927,7,0,1,366793
M0684,Pump,68.86037367435216,1.7944554568323277,1586.4777450837676,9.622429658654362,6193,12,2,0,415130
M0685,CNC,56.98291455628342,6.393505711901254,1490.6263451543098,10.72920425481547,2214,10,3,0,293815
M0686,Motor,76.90450819443828,2.703490870834057,1337.4489308156321,7.9031477874295515,5419,2,2,0,395893
M0687,Loom,62.9004829196551,3.808851710485767,1475.9949970485543,9.077634461350895,8314,11,2,0,283127
M0688,Motor,55.93105808608586,4.95036037125305,1326.9096779631668,14.110283750361926,9475,10,0,1,191295
M0689,Motor,71.43811812284484,8.092201481611136,1582.0985678107127,8.077890653307108,1212,14,1,1,229238
M0690,CNC,54.21838421850755,10.09785340080965,1577.364515784776,7.2063835965154865,2658,6,0,0,89369
M0691,Loom,65.33817388842954,5.592101506445129,1513.8407438586332,10.109925061398316,13270,6,2,1,398523
M0692,Loom,64.89057204026956,4.170246086303302,1493.399327349642,14.195866507529537,6024,2,3,0,381536
M0693,Compressor,78.03074678997893,5.46211016726499,1661.3425749840849,11.40923457600933,14039,2,3,1,324805
M0694,Motor,70.69637879455944,6.097779766572905,1449.9623592865871,10.606256765653145,10609,14,3,1,196663
M0695,Motor,64.69967649505827,3.922798273997055,1308.1751049495037,12.13307639254682,11578,2,0,0,383862
M0696,Pump,74.81319559040344,7.73138044064218,1503.9368695398769,6.7628777014210435,6917,10,1,1,236307
M0697,Compressor,81.68249058820776,4.914127366544523,1700.3256459444538,13.484116961325098,6141,12,0,0,320114
M0698,Pump,71.69372367622235,5.3959375603645094,1328.2288608176978,13.150305094210932,2794,1,3,1,97922
M0699,Pump,65.12423143812056,5.698663653698031,1406.6244679967217,10.772074577712836,6988,5,2,0,342899
M0700,Pump,49.25796521179809,5.25885589910602,1499.9735245721743,15.01777353538925,9296,8,1,1,170926
M0701,CNC,52.21863604309553,6.010092900845303,1443.5314181193114,8.617511703140885,14777,2,0,0,69416
M0702,CNC,61.337303547743986,3.3889442642155383,1332.1235703547222,15.383726979760707,6578,13,0,0,63672
M0703,Pump,57.685853574088604,3.495056842897145,1584.6229427476565,12.463480996785753,6551,5,1,0,178145
M0704,Compressor,62.75634436417465,2.5197223806509492,1728.4048866420712,10.99034223036548,14057,12,1,0,228068
M0705,Motor,65.67979909876529,5.291102215116408,1473.535775082869,11.940379093895066,13085,8,2,1,386239
M0706,Compressor,71.35631305228077,5.902085706321805,1341.51180523168,11.678205702567174,4845,10,1,1,50064
M0707,Loom,64.15401466329091,5.323991159073394,1264.124736993583,15.66084868925315,12882,14,2,1,118835
M0708,CNC,70.83801972591442,7.514086380025567,1480.9571177465416,8.769962617586959,7906,5,3,0,251457
M0709,Motor,65.77369297772144,4.489927166107716,1582.4652811979508,9.712442282560206,12484,2,3,0,448855
M0710,Motor,41.294401203753544,5.703734980066523,1507.020129579446,15.108908676217439,1378,3,0,0,297795
M0711,Loom,53.72797527417495,2.534938422949234,1449.7115390897375,10.213395194448422,4293,6,3,1,454271
M0712,Loom,63.27094933134062,3.803220535546078,1379.2874017852832,14.701599231994775,4329,11,3,0,399738
M0713,Pump,50.48366308590671,5.7519679636184,1318.9403640738292,17.09830794902613,5808,11,2,1,472643
M0714,CNC,72.19914475995445,6.028383799337659,1550.1701591589858,10.7946149191751,12630,5,0,1,166916
M0715,CNC,83.36900998812436,3.970859494204472,1559.6525945662702,14.044086979725916,8937,11,1,1,432452
M0716,Compressor,79.62514222036779,4.37112134665548,1264.512425597112,8.538923155980424,14660,4,0,0,394660
M0717,Pump,62.438685548837505,1.767827255974543,1640.7806773816822,14.264199894203427,1224,4,3,0,376810
M0718,Pump,82.88871364219942,3.857347438548103,1518.8885465072801,12.598271957960302,1737,5,1,0,245346
M0719,Pump,66.78400948642533,6.1026896943356155,1617.9513574174953,13.419114846480646,1235,2,0,0,430438
M0720,Pump,60.95496834658353,5.53536902899182,1288.9446701817863,10.063283783893816,13470,9,0,0,323010
M0721,CNC,57.639168037508725,5.401198298486177,1286.1011013501472,7.016749753298482,1711,2,0,0,53889
M0722,CNC,61.37036376214246,4.589592636925728,1432.1236828279243,13.509756194248514,6988,10,0,0,168194
M0723,Pump,60.34187817750525,4.512713685530717,1510.3341312274233,5.809790542561636,2888,2,2,0,174714
M0724,Compressor,67.04499466850585,3.311421948947795,1665.5632987512356,11.047948523272396,13910,10,0,0,491442
M0725,Motor,66.92688777259838,5.757891156364563,1534.7294696578158,14.823545599259909,8173,14,3,1,81335
M0726,Motor,65.03655224184098,5.257751299900901,1420.878246782556,12.575693207619109,2259,9,3,1,100547
M0727,Compressor,70.24325803695619,5.3856339263870385,1326.835695080093,17.84502793436944,6246,14,2,1,207234
M0728,Pump,79.28775529743609,3.5531372831983554,1597.600068726298,15.07532745774532,8271,3,1,0,270521
M0729,CNC,76.39464962529588,0.62398274423176,1334.2353489099141,10.03830483502327,1748,10,1,0,205759
M0730,Motor,47.18122437860116,6.474874881156652,1645.4162265726786,12.081940139554316,13178,7,3,0,410900
M0731,Loom,35.0,3.6380925791848724,1415.873842047219,11.857887892366692,4551,4,3,0,323139
M0732,Loom,76.21183893487128,2.9470036247223828,1640.869848714142,7.253469709961618,7400,13,2,0,499704
M0733,Compressor,48.59745561901495,5.748262041445189,1531.4717548071135,9.17880325054694,7643,13,1,0,52631
M0734,Pump,62.3028151772878,3.7943772481455667,1433.560541266905,10.31771727906042,9701,6,1,0,478170
M0735,Motor,50.95864368728769,6.40788549128392,1387.6724353808647,5.89133849143219,14863,14,0,1,187039
M0736,Pump,43.37623474903977,5.610610709238055,1409.0910547184703,12.142480404754929,2823,4,0,1,400438
M0737,Motor,71.49755273845746,5.73042478176086,1501.3980030850284,11.252784466040877,7852,10,0,0,399422
M0738,Compressor,74.10986192363177,2.0412797198390384,1459.258779546126,6.981318296065277,14072,7,2,1,114471
M0739,Compressor,58.081875191279366,6.681499173695521,1378.7426310317553,13.212638595831997,12133,1,3,0,349260
M0740,Loom,35.0,4.970250956220941,1430.124230761884,14.147618234072878,8777,3,2,0,404260
M0741,Pump,58.44506662097021,3.8353011493568343,1459.429243566298,12.681103436594666,5232,13,1,0,477443
M0742,Loom,69.70164806483056,4.758099241216052,1194.5519086702225,11.02779547437309,7519,3,3,0,183014
M0743,Pump,47.25306117471045,1.302776580783024,1504.9801737746438,13.774326455255565,11326,1,0,0,97664
M0744,Loom,67.20031903734987,5.235575060665208,1332.4334530339831,14.040661081430073,2777,6,2,1,209141
M0745,CNC,64.81628180992405,2.647131285272271,1311.6001116153107,12.922210709159065,2222,13,2,0,137342
M0746,CNC,71.95149799521306,2.065193485481638,1247.5186783467148,9.526163248695717,8630,11,0,0,64407
M0747,CNC,66.43496442096983,1.7597534648077957,1234.732900255853,12.829802296533542,14621,14,2,1,163926
M0748,CNC,53.323172709421335,6.502839074981866,1287.3462996265253,15.586441952476438,12859,9,0,1,371345
M0749,Motor,79.3588580199739,3.36732589135298,1364.9174850843413,10.21011282416481,2777,8,1,0,392237
M0750,CNC,63.09764512367636,7.260709877849699,1684.3910965031882,18.293818017397292,10496,11,3,0,497564
M0751,Compressor,64.67234552588081,3.5355573665058637,1386.8944388925756,10.423107198043846,8490,7,1,0,263053
M0752,Compressor,53.80078449112165,1.4267556763326956,1471.3300127521638,12.09722104002041,5859,10,1,0,67878
M0753,Motor,59.68061298570188,2.4902560080924134,1498.0577663807594,9.982543211980992,9893,8,0,0,133100
M0754,CNC,54.38236743167719,6.7244609160124895,1465.7278223459018,12.669812507760783,9118,6,2,1,390773
M0755,CNC,62.924647280918926,4.219383279713998,1440.7067847128808,6.7733349220941745,3989,9,1,0,498636
M0756,CNC,85.54050176170813,3.5130828663169185,1306.5647483680907,10.361874603549836,9343,3,1,0,273059
M0757,Loom,48.537186284823726,4.788032806535018,1624.1113057935054,8.723636398954298,2325,10,1,0,93168
M0758,Pump,45.6372632254791,5.403208925101581,1666.8635972365462,12.406015043676872,10493,10,2,0,300396
M0759,Loom,82.6540439299233,6.511317868624429,1248.0809567052777,14.983342126526722,12914,9,2,0,300481
M0760,Pump,62.48811587417761,7.107298613807267,1327.1165690936346,13.938018561343654,10903,4,0,1,367006
M0761,CNC,56.971127136081,3.8524164375796457,1416.4227589147592,4.885021917423323,6127,7,1,0,78004
M0762,CNC,77.47885624875292,2.113114165052331,1334.255464610777,18.126208958783643,9998,13,3,1,332615
M0763,Loom,57.73261352315763,3.7557627099781032,1510.715866414704,12.885839821862605,13522,9,2,1,141820
M0764,Loom,86.91211656256323,4.968504911849195,1362.6073357112064,9.670502578520999,3722,2,0,0,241239
M0765,Pump,73.13511045607123,2.7652339328209004,1709.8067281367923,12.471383756972823,5656,2,1,0,152229
M0766,Compressor,59.14506310225157,2.777128353188923,1592.8658313212316,12.528569467508078,2325,9,3,0,377452
M0767,Pump,90.88769855918605,5.1188181867897935,1475.5088836758657,9.99945384914531,5133,12,2,1,396113
M0768,Loom,57.73142092395994,4.412425767173188,1573.238351598368,12.593750002026226,10351,13,3,1,64568
M0769,Loom,73.90514446411169,4.559034591740856,1582.7080509228772,10.177583137139077,3869,3,2,0,59466
M0770,Motor,68.5915109648779,3.1347083975398746,1382.3263014330107,10.786914021929931,13708,9,0,0,272129
M0771,Loom,80.62089547278558,4.085278714429619,1352.0539306549642,9.941162592734747,2242,13,3,0,107324
M0772,Motor,83.73813436072223,2.836380340317052,1459.3771675563578,7.701986130781042,9539,5,1,0,414352
M0773,Compressor,65.3840497887892,6.102357140024616,1553.3963349397534,12.437509410646152,2831,6,1,1,196539
M0774,Pump,55.9589855558458,6.363448802502755,1466.68724783841,13.755898309549014,2569,2,2,0,125955
M0775,Pump,70.5196657152694,1.176861847971431,1260.7604221370802,13.544650788229117,13127,8,1,0,496164
M0776,Motor,56.86741556297473,2.826880451653662,1353.661066725899,14.459775757905703,8246,11,3,0,197748
M0777,Pump,89.16064697031948,1.8062473408378574,1441.1232563686747,12.973020630044605,2918,9,0,0,144791
M0778,Loom,66.63842397299285,3.329956918067583,1440.9201274809004,10.40182350534929,7416,2,2,0,212586
M0779,CNC,60.616141384254696,4.34981165437735,1686.705061214777,14.518991593293567,4232,6,3,0,420862
M0780,Motor,67.2161636703789,1.8906386045426458,1283.6814469121202,7.927447380474195,4758,6,2,0,72650
M0781,Pump,48.834484525643646,2.8406523363744363,1510.670709020305,9.29798585246256,6997,8,0,0,400434
M0782,Motor,53.340631537872184,2.6928767302533028,1628.6935729993947,9.107399785730266,3355,10,2,0,127701
M0783,Motor,79.4049668953331,4.873081192918099,1722.5739694507356,15.240168177417932,10589,12,1,1,322827
M0784,CNC,57.11726865234325,4.624819806665251,1401.4723092179247,14.828365542420226,11972,5,1,0,279164
M0785,Loom,52.43706820781672,3.200872403992944,1508.971534326424,13.461915711134985,2824,9,2,0,130978
M0786,Motor,71.43983303032743,4.818277569850917,1518.3712428638376,15.215789595635393,11683,1,0,0,54860
M0787,Pump,79.22844985595596,3.515975847742922,1473.4578077863948,9.362151652764036,8280,9,0,0,184801
M0788,Compressor,73.6274397279808,4.011020801413104,1438.1385758512833,13.045785359582942,5060,10,1,0,81351
M0789,Motor,76.9525722296698,7.512213762537367,1502.3170467400055,11.624476714850507,6324,7,0,0,374888
M0790,Motor,55.91845893716647,6.912829893222627,1146.1304697736377,14.540646311654742,1404,4,2,0,205418
M0791,CNC,47.93827199909788,2.1607537735303244,1531.8483388075158,11.654327302343408,2721,3,3,0,432342
M0792,Loom,83.01600382346584,5.993518352182514,1465.1413484394361,10.845171334769756,6316,14,2,1,386299
M0793,Compressor,61.12784193389437,5.9605137980848655,1423.303012386608,13.622725555682969,12017,10,1,0,171449
M0794,Pump,61.990003802539434,2.433126080245287,1695.623463486347,14.628507501573699,4845,11,1,1,126700
M0795,Compressor,80.9383297021887,5.97379975875875,1369.0079177451337,9.994964415459595,5210,14,1,1,285486
M0796,Pump,71.67476011280792,7.268277453142595,1401.6308813121964,11.816772985942873,12384,6,0,0,319099
M0797,Loom,70.47065326497929,2.479419348760055,1688.9863962645682,8.824678099075042,14964,12,2,0,307571
M0798,Pump,90.98002813881301,2.8484949221743254,1350.1526434180173,4.505816947521182,1064,13,3,1,487509
M0799,CNC,57.27778123543828,6.331790640318305,1383.9861660476154,12.601378894241186,10491,1,2,0,242408
M0800,CNC,76.13408153697485,4.988691559486166,1432.356949188298,13.826716068763895,14112,3,3,1,333806
M0801,CNC,65.68415749876502,5.492657295431142,1550.888137855546,12.786200427260177,7382,2,2,0,56408
M0802,CNC,68.22310734635909,5.113060589520894,1474.9363008823975,6.1513148467368985,10607,11,1,0,221475
M0803,Compressor,83.34162111695038,5.203252657670659,1294.8849583417284,10.947451709770576,12785,13,3,1,313369
M0804,Loom,71.09402907547549,2.1123501690400506,1386.1397724247372,5.344956719846756,1968,9,2,0,455412
M0805,Pump,71.4595529485956,6.385171871918607,1377.1174680145346,16.109103322962554,1368,3,0,1,196444
M0806,Pump,77.87008804771763,6.605261986369992,1440.7334745732346,8.741836253645742,9424,13,0,1,307320
M0807,CNC,60.620567245485375,4.08709666067755,1501.1012390355795,15.76621082837969,3242,2,2,1,67279
M0808,CNC,54.929483991931924,4.421741490335048,1500.1846907065567,14.837608931052436,6002,4,1,0,160401
M0809,Motor,52.4622896717476,1.7440064953997,1236.8785895141918,9.298228942391816,4083,14,3,0,276801
M0810,Loom,41.40372092748798,5.425658560832103,1577.6729185073027,8.601645146196764,9073,2,2,0,297380
M0811,Compressor,89.67448555928387,5.529703395085459,1480.308261519595,13.051110649159014,10112,1,0,1,497456
M0812,Pump,51.7614996113398,4.38805616940124,1616.1438457112688,9.467027888450787,9880,6,3,1,404548
M0813,Motor,62.34495651697074,6.523836047766904,1503.3037992748807,12.307453926474622,13464,10,0,1,219259
M0814,Motor,61.67824040133295,3.8986609842361073,1582.1587549282915,10.551517227579245,14322,8,0,1,297145
M0815,Pump,68.68888037370921,5.51629066660848,1505.9854373740152,6.656524756603099,2469,10,2,0,360625
M0816,Compressor,74.78884655047156,2.6646041903541917,1611.5470907443298,5.3085959426266225,5725,10,0,0,209547
M0817,Motor,75.32568186031695,4.457606128426371,1512.6700763221334,12.680052745483792,5259,2,3,0,94552
M0818,Motor,58.003070737172735,4.186162335774895,1438.2501704268516,10.315326761008123,4622,14,1,0,249041
M0819,Loom,62.99453943456306,4.9055542596736945,1722.6921664536258,10.340730549257604,11292,9,2,1,257606
M0820,Compressor,68.39095940585959,3.8348515280999544,1556.684454673587,14.087591517281357,11457,13,3,1,280677
M0821,Motor,62.01570648579744,4.263349327790998,1518.8493305205295,15.520326829897336,12981,3,2,0,311869
M0822,Compressor,84.28814691223991,5.986884908594711,1296.8434700153998,11.182365835914572,1823,8,0,0,450074
M0823,Pump,70.89169941965902,3.7138243729712084,1295.4030859043755,10.978203879270415,4431,12,0,1,255558
M0824,CNC,73.8185334325978,1.6081612186703773,1485.1258578570223,13.500429099341652,7528,8,3,0,124474
M0825,Motor,72.95457522400895,7.649251027569758,1467.4625437321888,7.929193290901274,5151,3,3,1,337312
M0826,Loom,79.08168628982389,6.986617341642876,1376.305292199002,12.669459164243092,5213,3,1,1,82099
M0827,Pump,67.17225870444449,2.1739271488098866,1466.9179239534471,13.655657915466461,8420,12,3,1,252252
M0828,Compressor,49.43801662452984,5.74147404944135,1640.6352313652314,14.040690625252887,9989,6,3,0,290454
M0829,Pump,69.7962554210317,3.5946454130075827,1533.448296946036,6.189741892492606,1779,1,2,0,373599
M0830,Motor,57.18371727449805,4.974276987595907,1313.0789788296713,9.715934190573178,12042,4,0,0,104240
M0831,Compressor,58.65659981900292,5.029603432224289,1436.6189407428467,9.3652102415296,3892,1,3,0,386940
M0832,CNC,72.03636822506112,4.078065959430621,1353.4040222976928,12.29966086322764,6534,14,1,1,366736
M0833,Pump,79.85939685720362,3.089221801944486,1403.4760100309727,13.442233739303951,11085,3,3,0,310746
M0834,Motor,65.25525892083274,3.2570261058307333,1400.366120124443,16.490131222337943,4306,9,0,0,434325
M0835,Loom,68.70599615118756,2.8508545521337636,1392.6825300875194,10.515103558895781,3902,14,3,1,302051
M0836,Compressor,85.42657933562285,3.0027200251851998,1299.3837553631927,10.507282505072359,13995,14,2,1,490674
M0837,Pump,67.88903815386281,4.37907907791116,1434.6814382178172,15.449016056636241,14391,5,0,1,151611
M0838,Pump,96.22019737016474,3.2116320196006467,1382.727083578323,12.889730815590916,4718,12,3,0,108046
M0839,CNC,71.78611574757853,5.7276937182827155,1098.4661571997278,15.802954533563922,1021,5,2,0,300468
M0840,CNC,43.87084689013019,7.177043079604669,1696.3566429401994,12.866184009029508,2500,11,0,0,66488
M0841,Loom,74.04009945325438,3.455904165533923,1580.6523585060006,8.528650143860187,10034,4,3,0,239913
M0842,Loom,69.57390061859333,4.930928100963679,1404.8439130090005,8.00061493566658,10952,3,2,0,430665
M0843,Motor,80.47703304899295,5.399433198545281,1452.2582859688719,7.345463252823213,4641,5,1,0,443611
M0844,Motor,73.0781762152395,5.3496040876546935,1309.4014783218927,13.98615550427542,6212,14,2,1,233741
M0845,Loom,63.338528192194715,4.6367194822489575,1653.4867453373038,15.565790469261024,1191,11,1,1,191917
M0846,Loom,50.308421164527616,5.8368283530475,1677.6746433727735,17.548086424159145,14306,4,3,1,217131
M0847,Compressor,62.4917209125677,5.368048114825183,1468.803247389583,14.529315996969721,14414,8,2,0,68394
M0848,CNC,54.7937545494884,2.2722076398108637,1572.8236773022413,15.488515732604958,9587,4,1,0,406137
M0849,Motor,58.03371860234333,6.064480915900692,1471.0344134720708,10.259951002038946,8174,11,0,1,226978
M0850,CNC,72.06294085304731,6.097123507080136,1289.5929473348883,8.53075254976843,6114,12,2,1,109332
M0851,CNC,85.03885405221688,3.126085012478553,1400.5811957243611,14.55023799725266,5662,8,3,0,218377
M0852,Loom,69.73605835787578,4.568288103805684,1465.8313560126348,13.253042256718203,5326,6,0,0,92628
M0853,Compressor,50.64940325557779,5.729992187059925,1395.4542737507868,12.322333123022677,10065,14,1,1,333496
M0854,Pump,70.33523201864169,4.123235124757149,1423.7616067077956,13.16211444189897,11813,12,2,0,395115
M0855,Compressor,79.35957783974781,6.431360485978821,1439.0320530989063,12.969556447374618,5335,11,2,1,101993
M0856,Compressor,57.68260514816741,8.75497049031485,1440.2945802561446,15.851450579560684,9281,5,3,1,220458
M0857,CNC,63.391793999924985,3.0852251412570317,1456.271018859698,15.884956754450867,11471,4,0,0,415171
M0858,Compressor,65.17625833675037,2.014119714323205,1322.7273920324078,13.632661057021041,9648,4,2,0,499840
M0859,Motor,55.58122024301312,5.046873472088777,1363.9580621046478,14.537408617688785,11472,12,2,0,432356
M0860,CNC,72.77936520612631,5.798812509227059,1295.8498881160037,13.542187657274328,13641,4,0,0,58539
M0861,Motor,63.54862221670662,4.0844405270794155,1567.337865962344,10.616490803896143,10196,11,2,1,182335
M0862,Pump,70.03438932688434,7.115869193977861,1197.322366979161,14.26969402473942,14644,13,0,0,456521
M0863,CNC,54.3500938663748,2.0905095604981523,1588.430841198031,7.816514793422215,13726,13,0,0,365961
M0864,Pump,59.75050039611907,5.7472535214569,1616.3619276715413,15.16167465688765,6494,9,0,0,467614
M0865,CNC,73.66857629393326,3.4094505226339917,1413.7383295620855,8.416431180701895,9536,4,3,0,290310
M0866,Loom,60.52600217489879,7.594880231173134,1137.6235494607242,12.857409860384198,3711,12,0,0,256873
M0867,Compressor,85.72356621480085,8.086527635702613,1406.6427325639252,9.464538124721523,8595,9,0,0,361251
M0868,Loom,60.20436577262477,3.1200181419899735,1442.2979006453418,13.66016694922328,13944,13,1,0,475368
M0869,Pump,67.69621670902264,3.5107971553645556,1328.7282136085305,11.898224322216274,7273,10,1,1,473840
M0870,Compressor,76.19108998247708,6.047258196563644,1388.1737927430108,7.215732125510003,7284,6,3,0,441384
M0871,CNC,47.97961120480362,3.803164830378874,1633.623423863602,13.262098893055438,11654,10,0,1,411799
M0872,Compressor,43.87029425623069,4.418259807721971,1529.791259476209,10.266237669501868,10308,13,1,0,106132
M0873,Motor,46.692124225158864,4.5456991569763385,1339.052306274628,14.643440162440108,9817,7,1,1,437845
M0874,Compressor,80.15100924112619,1.0445883188442187,1258.2880996485483,12.003977066203221,13571,12,2,1,155494
M0875,Motor,58.377702249290635,4.475092057030373,1410.7579218868275,13.186262956164114,11171,10,0,0,365123
M0876,Compressor,95.69839142801902,3.258490006684487,1424.3851864779474,9.127293134954364,4994,3,1,0,370157
M0877,Motor,58.22902881611134,3.6123789196804106,1509.543902483598,10.232003305717914,2678,8,3,0,275997
M0878,Pump,67.21461563836445,7.098537606243866,1385.7619944918808,10.624084091696746,9414,3,2,0,113797
M0879,Loom,83.50531943081451,2.2382875902973387,1511.3799490434233,14.570107440727668,1743,1,2,0,101798
M0880,CNC,89.07311465790947,5.963769336146359,1682.2184848072275,17.032131263416467,1462,13,0,0,197722
M0881,Compressor,89.73804291963677,3.9978667254027447,1547.8601226933115,9.584484744771371,2568,13,0,0,469230
M0882,Loom,79.50039476711771,3.996431696707498,1444.2293791203074,15.23054443397304,12539,10,2,1,126421
M0883,CNC,77.28875030973755,5.922669412893081,1428.0219434736046,5.490967746822894,14993,12,3,0,319578
M0884,CNC,72.1103233904142,5.1120923302240024,1407.1992238984155,8.417431796723132,14451,5,0,0,342172
M0885,Motor,74.34033291399965,5.527103394995156,1591.6769094942574,9.123664631439675,2736,2,0,0,116558
M0886,Pump,58.3857714040576,6.2427323889591495,1374.7223864858436,7.942473931677833,14334,10,2,0,336475
M0887,Pump,55.18161339893231,3.9036449102700193,1455.4267250799978,7.24923483063726,13231,14,2,0,117573
M0888,Loom,64.95950651106858,3.3979738778860495,1456.1437482257302,13.238996736413393,8903,6,0,0,179473
M0889,Pump,62.95778452970086,2.546729052195963,1389.7858968626163,11.357796906816416,13143,13,1,0,227398
M0890,Compressor,59.5612634080727,3.0142610460378805,1285.304134253908,13.13821619281533,8002,10,0,0,395123
M0891,Pump,73.35664936948058,9.808369965555706,1488.7569404341202,14.07141805836454,9856,9,1,1,316267
M0892,Loom,76.46366250284613,6.740423245326216,1442.679523377354,12.7968509795176,2356,1,2,0,328747
M0893,Pump,66.06088263550217,2.0680661408255614,1510.0288563323884,13.97328952845112,2014,14,1,1,378085
M0894,Compressor,82.73036097266314,2.1195756778615737,1385.9679632273,11.791403141273191,11324,13,3,1,92597
M0895,Motor,51.29973063039794,5.367358911093285,1596.4985558575659,8.439019835082766,11860,4,2,0,244310
M0896,Loom,62.676086488643385,5.485076635280341,1344.7871462545786,15.17344254246239,2054,1,0,0,396382
M0897,Motor,56.39813215276634,5.487990903571256,1655.444834082147,10.232663601656618,2764,1,0,0,485935
M0898,Motor,42.60156059512328,4.041079571603344,1240.2836188206086,9.193211103712722,7009,8,2,0,272858
M0899,Motor,64.0078317698876,4.27418233199478,1502.172407746827,11.466246372586806,5458,14,2,1,353895
M0900,CNC,63.539029899400596,5.090183143486843,1507.0516819031948,9.261567242110461,12061,14,3,1,438606
M0901,CNC,83.16139691890558,4.654607411327995,1354.5331518470941,10.747708854031703,10604,13,2,1,136978
M0902,Motor,72.56974021465733,0.5052593290544367,1500.9272725433216,13.0321617646904,1667,14,0,0,329837
M0903,Loom,52.70975810804954,4.086360664964651,1603.5422403712191,13.045025217738381,4370,11,3,1,218769
M0904,Compressor,87.24911079601026,2.9674684183314355,1183.9817392775121,9.306509800723113,6976,2,0,0,406668
M0905,Compressor,79.65240434630424,4.815380554035322,1510.3293768988979,10.536883881153766,2394,1,1,0,410013
M0906,Pump,71.98517244162339,9.873466204686139,1150.8075015603906,15.22299901431073,9290,11,2,1,211064
M0907,Loom,62.28219081380202,5.161466997853748,1334.120223577215,13.489200353201824,5070,8,1,0,375969
M0908,CNC,53.486729159318244,3.9356465648896837,1645.4999637881133,18.225195118045626,7982,4,0,0,190594
M0909,Motor,60.533518687147364,6.159242703559054,1380.1861559929534,15.540384521224583,9613,3,1,0,442619
M0910,Pump,78.06498343645023,5.368838196976583,1309.1344042709234,15.432879205679818,6599,13,1,1,357550
M0911,Compressor,87.61503567121531,5.256170082813314,1426.247472521838,7.836394348632594,4650,12,0,0,288078
M0912,CNC,83.51892233926627,5.592331067788208,1698.1487605796262,14.291581054900268,13349,4,0,1,290140
M0913,CNC,59.13380693856471,8.201778416693175,1230.1981303352768,11.840679594909268,10324,14,2,0,193193
M0914,Motor,51.56459080053187,2.464400816413352,1323.8428106032786,10.347054589385252,10894,11,1,0,173371
M0915,Compressor,66.69063496293445,5.352537738260618,1629.6918019815553,12.504046021597585,4620,5,3,1,457435
M0916,Loom,43.77872761324578,2.832513966033231,1672.924281224528,14.83563460383445,4190,1,3,0,313761
M0917,CNC,68.87801257021738,5.499922763416047,1437.588253085166,13.502494773012636,9789,14,0,1,93016
M0918,Motor,63.22876896441598,2.84636427932503,1301.3136756968029,9.36457859597382,1391,11,0,0,493888
M0919,Loom,59.407561977581096,3.7487397355108483,1701.501220217099,14.22737674077786,2075,1,1,0,336420
M0920,Compressor,45.86356319279845,3.9688381543717686,1641.3330870099037,10.087237373772108,3650,3,0,0,280959
M0921,CNC,71.1632012788366,6.256470094820476,1531.473638531468,12.65004935689286,14600,6,3,1,384384
M0922,Loom,58.607589924057066,6.153217999096345,1352.5117181275095,11.089949797568597,3384,1,2,0,418436
M0923,Loom,50.960997971476544,2.257708722396508,1444.1164790994355,11.343401244793123,1809,14,2,0,236807
M0924,Loom,35.0,4.598881399799728,1430.7567902746202,14.298728925121528,9047,11,1,0,67959
M0925,CNC,64.66982113939237,3.2227562614514893,1489.7021565538694,8.879418840552306,12501,12,2,0,78522
M0926,CNC,86.26701916003694,2.2346911607843976,1624.1201725757603,17.8355852228308,6501,2,0,0,499303
M0927,Pump,84.93511057457444,4.109369309236134,1555.5300449364884,6.536741792116511,12930,12,0,1,453169
M0928,Compressor,59.514844920964734,3.9447309807795246,1320.714870761829,10.206996950235428,7895,14,0,1,76567
M0929,Motor,57.773455275658634,8.86808967542194,1615.1795740023445,13.110635669825223,2159,7,0,1,112708
M0930,Loom,70.62529107290028,5.279327685649253,1487.5758568015785,13.752942499305929,8574,14,1,1,176206
M0931,Pump,53.019374729740505,2.020288498642373,1532.44789550307,11.698572838284885,2531,14,2,0,72560
M0932,Motor,68.62150279783359,3.4834067924923042,1625.9849031134324,11.827827890995373,6481,1,3,0,108390
M0933,Pump,74.19296334061629,6.3384899317729175,1316.610370058374,13.23165025598285,8548,13,2,1,175772
M0934,CNC,79.7231986866117,8.259196991165865,1445.7009305552244,11.30679156762696,5976,14,0,0,479876
M0935,Loom,63.798151082240565,1.6452300379716749,1386.2254538368943,16.179543773804717,6695,7,3,0,357248
M0936,Motor,62.55591499787641,1.1161361067497189,1261.8568689561453,14.518047342694807,11874,4,1,0,107805
M0937,Motor,54.46420895892127,7.867737315669208,1491.6051973125905,14.618473053016903,9445,10,0,1,286109
M0938,Motor,55.077435751521676,5.201305519267627,1751.3867861901308,9.101529829888749,4548,14,0,1,336640
M0939,Motor,62.28225329718168,2.9370730826225406,1229.1906706593097,11.761834726782892,12377,6,3,1,264373
M0940,Motor,69.40838608179413,5.462332355020384,1446.1263266740636,11.09860215383789,7163,14,1,1,141257
M0941,Pump,75.963015514799,0.5,1526.8651522089729,8.983195872931603,7671,8,3,0,53515
M0942,Loom,55.36185259183586,4.506075911874889,1464.7693841987418,13.0804925518373,6264,9,1,1,54454
M0943,CNC,82.91226282751427,5.0900781111175535,1436.4246336981112,10.38706272666055,2231,6,0,0,287145
M0944,CNC,61.74651678748918,6.163686251168094,1294.094036386501,13.96621148955071,3423,12,2,1,72873
M0945,CNC,64.74359246781877,2.6749872858734323,1477.9344091528196,8.789425311317004,12767,11,0,0,386064
M0946,CNC,56.03345985022612,4.654236890526047,1359.1883227580888,17.157121838525462,9071,13,2,1,325871
M0947,Pump,35.9091168767247,2.834235673092743,1187.2093954025736,9.311002024223814,5261,14,2,0,178376
M0948,Compressor,75.60854475633259,4.959690760213771,1593.3510664616476,12.657907011601308,10765,9,1,0,119070
M0949,Loom,73.8421267651092,2.8883766197465564,1565.006298381045,14.375577931164202,3908,4,3,1,411203
M0950,Motor,61.62406931458144,3.7654184895116027,1456.1993172221296,10.288078709399661,5712,6,1,0,174564
M0951,Compressor,65.80388860669846,2.7075322893775877,1477.4889625846843,14.557405930298852,7755,8,0,0,278497
M0952,CNC,71.19127061244919,5.6720452352825825,1578.9181615258674,8.312449206598751,10817,9,3,1,167213
M0953,Compressor,46.249449717361486,6.045212009981998,1476.92075881337,16.356353097547682,13190,3,2,1,231051
M0954,Loom,58.651367871844464,4.077682974076655,1558.4821065713577,12.042447794897274,4883,2,2,0,75465
M0955,Motor,74.53117615546192,4.568828390928051,1414.302135895138,10.21076577609336,4515,6,0,0,234972
M0956,Motor,49.948526921969005,1.8925354536596206,1607.4380486288735,11.102454682717697,4403,4,3,0,109799
M0957,Loom,68.52269518599955,3.9605820335877833,1488.4942871119222,14.42675780817816,5598,1,0,0,146129
M0958,Loom,48.72101834451914,4.4096316893248595,1473.286233232705,10.246634124448686,6008,8,0,0,464546
M0959,CNC,70.59715978920232,9.217427563853956,1297.5926693545562,9.751926931731667,7222,9,1,1,189374
M0960,Motor,64.5723022124302,2.4984593536065054,1484.434702516205,11.335390207248786,13872,14,0,0,419432
M0961,Compressor,45.618418209133885,7.135519029754388,1350.165409900666,8.469113661690095,11150,9,3,1,293761
M0962,Pump,78.97687225348605,6.294345792238454,1373.4060728165807,17.461631723825448,5009,2,0,0,292821
M0963,Pump,56.18490107842341,5.005145528082245,1352.1549246020654,10.300816226355831,3735,9,3,1,62875
M0964,Loom,55.27697075582743,7.66551687155124,1322.051808172093,14.49485035854121,5491,7,2,0,77219
M0965,CNC,67.40683036677132,5.169789850692354,1704.9725683620354,12.628410250943318,14919,5,0,0,348326
M0966,Pump,78.78364819314459,5.200486552202272,1609.7606874386083,9.046397848554095,12366,7,3,1,261613
M0967,Motor,52.81013817225924,4.404382824568418,1680.4441002573112,11.982135872361813,9593,13,2,1,485485
M0968,Loom,65.74015819817566,6.70242398835353,1303.2525976533323,14.352008337932244,1974,9,3,0,391925
M0969,Compressor,70.14579800396687,6.473644620859591,1458.550449989307,11.43521599474108,1223,8,2,1,56457
M0970,Loom,73.31726728715773,3.373780882506818,1294.7790849755086,15.579338837553085,5613,6,1,0,449965
M0971,Compressor,67.11729866332671,2.1253550497222187,1366.5166147363523,15.06454617834559,7777,13,0,0,83064
M0972,Loom,60.595665931000134,4.134634852687817,1339.824761990011,14.756744563974987,9427,4,0,0,453037
M0973,Loom,55.068917352215365,3.0599305840842366,1598.7500807729873,10.621029683181009,12690,13,2,0,165256
M0974,Loom,66.03372659655649,4.385655765692361,1402.4524386277888,8.760472656655539,5211,1,1,0,410441
M0975,Compressor,52.13433185617272,6.727388642431451,1578.205520043282,10.159237183911618,12426,6,3,0,284659
M0976,Compressor,35.0,3.676857020843778,1522.4945067506221,12.588722822000161,1225,3,1,0,259727
M0977,Loom,70.23871764989201,4.422917913639165,1726.4366502525747,13.637360140597067,11469,6,3,0,450880
M0978,Pump,75.84721809303434,4.604440922655112,1272.466693223233,5.485285785718657,9183,6,3,0,210353
M0979,CNC,36.64481077349794,6.027175587969513,1601.1079887744158,11.975660395164748,5277,14,0,0,308063
M0980,CNC,52.88323154348075,0.5,1587.5729044480872,12.474267675969553,2341,4,2,0,286887
M0981,CNC,72.42985113206237,3.407939469422466,1333.1945394367558,11.167367231053346,5036,2,0,0,475037
M0982,Compressor,89.68994563654039,4.880310646103051,1570.856000376779,15.873821517047636,9401,9,0,1,284841
M0983,Compressor,65.2495244921049,6.6601421215683505,1490.3373955631475,13.265340222752613,4727,2,0,0,467863
M0984,Pump,56.26396470525039,3.614575594488831,1422.702848805591,15.93057572424269,14703,3,3,1,119918
M0985,CNC,62.80524270674192,1.1222051291246267,1351.1277415633601,11.352118438949303,4928,10,0,0,263057
M0986,CNC,81.49851702977821,5.615480602739045,1363.7068658260978,14.812432477520774,14181,1,3,1,402323
M0987,Loom,57.24842985050557,3.356347700113867,1695.977451494311,16.90519918358256,3803,7,2,0,387088
M0988,Compressor,55.40969592019695,2.3586000136373495,1450.081938274898,15.935080347817983,10301,1,3,0,139142
M0989,CNC,59.20707773381561,3.3761782985161966,1543.855600183775,8.723575219713801,7558,11,3,1,77603
M0990,Pump,53.56005670089545,4.167854356219471,1355.0920741998937,11.238971767372856,11218,9,1,0,358602
M0991,Pump,66.47204379193755,3.411459603831217,1356.4176464534034,10.964505883650611,1393,11,0,0,120605
M0992,CNC,84.49614150163472,0.5299810972216754,1579.838177109993,13.467763605228983,7839,11,0,0,331767
M0993,Compressor,68.87695127739235,6.1147191543968376,1288.0508546138162,14.0590606650436,10035,1,0,0,94440
M0994,Pump,61.97175797448455,6.7947750743017,1400.1743478513674,9.483321977922792,10716,5,0,0,394571
M0995,Loom,61.498264773013474,5.672739584411111,1454.083289328668,12.203515541750813,9795,7,1,1,450920
M0996,Pump,46.24171029564012,2.4521657932353302,1463.3647122208063,5.940218003531591,1581,3,1,0,405970
M0997,Motor,75.59731732576591,4.137315238894468,1428.5088057980613,16.32583501740567,11131,9,1,1,339604
M0998,Motor,64.06595363584637,4.488261632586975,1497.4983737315108,10.46287727796992,1132,8,1,0,264117
M0999,Compressor,62.834241036912495,5.577829901211438,1533.1426906981374,12.167591819533492,3838,13,0,0,263877
M1000,CNC,103.31729081413833,5.703012879692546,1538.1565054551197,11.071050858035816,4385,3,3,1,160373
